6,6,6,6,6,6,6,5,5,5,5,5,5,5,8,14,22,29,33,37,42,49,54,51,51,47,43,42,38,34,31,23,21,22,20,18,17,14,12,11,12,12,13,11,11,11,12,15,16,16,14,12,11,9,8,7,4,6,6,7,8,11,10,6,6,6,7,7,8,8,9,6,6,6,6,6,6
6,6,6,6,6,6,6,6,6,6,6,6,6,6,9,14,20,26,32,39,47,53,56,54,53,50,47,45,41,37,35,27,24,23,20,18,17,13,11,9,9,11,12,13,14,14,15,17,18,16,14,13,11,9,8,9,8,7,6,7,7,10,9,8,7,7,7,7,7,7,7,6,6,6,6,6,6
6,6,6,6,6,6,6,7,7,7,7,7,7,7,10,15,18,24,31,41,49,54,57,52,52,49,49,44,40,38,35,29,26,24,23,19,16,13,11,8,8,10,12,14,16,16,17,18,20,18,16,14,12,11,9,11,10,8,6,6,6,8,7,8,7,6,7,7,7,7,6,6,6,6,6,6,6
8,10,9,7,7,8,9,10,10,9,8,7,7,7,11,18,22,29,35,41,46,51,53,54,54,52,49,46,42,39,37,34,31,29,26,22,19,15,13,14,14,15,15,15,16,16,19,22,21,20,18,16,15,12,8,5,6,6,7,8,7,7,6,8,8,8,8,8,8,8,8,6,6,6,6,6,6
8,9,8,7,6,7,9,9,9,8,7,6,6,7,8,18,22,27,34,42,47,50,54,54,54,53,49,47,43,39,37,36,34,31,29,24,22,18,15,15,16,16,16,18,19,20,22,26,24,23,20,19,17,12,6,6,6,6,7,8,7,7,6,7,7,7,7,7,7,7,7,6,6,6,6,6,6
6,8,7,5,5,6,7,8,8,7,6,7,6,6,8,17,22,28,34,43,48,53,54,55,56,54,52,48,46,42,41,40,38,35,31,26,23,19,18,18,18,18,20,22,23,24,24,29,27,25,23,20,15,10,5,6,6,6,7,7,6,7,6,6,6,6,6,6,6,6,6,6,6,6,6,6,6
5,6,6,4,4,5,6,7,6,6,5,5,5,6,9,15,22,29,38,45,51,55,58,60,60,59,57,53,49,46,45,44,41,39,34,29,24,21,18,19,19,20,22,24,26,28,28,30,28,25,22,20,15,11,8,6,6,6,7,7,6,7,6,6,6,6,6,6,6,6,6,6,6,6,6,6,6
5,6,5,4,3,4,6,6,6,5,5,5,6,6,10,17,25,34,42,50,56,60,63,68,68,65,64,59,56,52,49,46,43,40,35,31,26,21,19,21,21,22,24,28,30,32,33,28,26,22,22,22,18,14,10,6,7,6,7,7,6,6,5,8,8,8,8,8,8,8,8,6,6,6,6,6,6
5,6,6,4,4,5,6,7,6,6,6,6,7,8,12,20,30,39,49,57,63,69,70,75,75,73,71,66,63,58,56,50,47,44,38,33,28,23,21,22,23,24,26,30,33,35,35,30,27,25,22,23,20,16,12,8,7,6,7,7,6,6,5,8,8,8,8,8,8,8,8,6,6,6,6,6,6
6,7,6,5,4,5,7,7,7,6,6,7,8,9,14,27,38,47,57,66,73,76,78,81,81,81,77,73,70,65,61,56,52,48,42,37,32,27,23,22,23,25,28,32,35,37,37,34,31,28,27,26,22,17,12,8,7,6,7,7,6,6,5,6,7,7,7,7,7,7,7,6,6,6,6,6,6
6,7,7,5,5,6,7,8,7,7,7,9,10,11,17,31,43,53,65,76,82,85,88,87,85,84,81,77,74,70,67,61,58,53,48,42,36,31,29,24,24,28,31,34,36,40,40,41,38,35,32,31,26,19,13,6,6,6,7,7,7,9,8,7,6,6,6,6,6,6,6,6,6,6,6,6,6
8,7,7,5,5,5,5,5,6,6,7,9,10,12,17,29,44,60,74,83,87,92,95,89,87,85,84,80,78,74,70,68,61,58,54,48,39,34,34,31,28,30,34,42,45,45,40,40,45,46,38,31,27,21,13,7,6,6,6,6,8,15,17,8,5,6,7,7,7,6,6,6,6,6,7,7,8
9,9,7,7,6,6,6,5,4,6,7,9,11,13,19,31,46,65,79,88,94,98,100,96,94,92,88,86,83,80,75,72,65,60,58,52,42,36,35,35,31,32,37,43,48,47,43,43,48,49,42,36,31,24,17,7,5,6,4,6,10,17,18,9,6,7,7,7,6,5,5,6,6,6,7,7,8
8,8,6,6,5,5,4,4,4,6,7,9,10,12,19,32,48,68,82,91,97,103,105,104,101,98,96,91,87,84,81,77,69,64,61,54,44,37,35,35,32,34,39,44,48,48,45,43,48,49,44,39,35,29,20,8,5,5,4,5,9,15,17,10,7,7,7,6,5,4,3,6,6,7,7,7,7
3,3,2,2,1,1,1,4,3,4,6,7,10,12,17,33,51,70,84,95,102,106,109,111,108,103,100,95,91,88,84,82,73,70,65,57,45,39,36,35,34,35,39,43,47,48,46,44,47,49,45,40,38,31,21,10,5,4,3,6,9,14,15,11,8,8,7,6,5,3,3,7,7,7,7,7,7
3,3,2,2,1,1,0,3,3,4,6,7,8,11,17,34,52,71,88,101,106,111,115,115,112,107,102,98,95,92,90,87,81,75,71,62,50,41,39,34,34,35,39,43,46,47,46,45,48,50,45,42,41,33,21,11,5,3,3,4,10,12,12,9,8,8,7,6,5,3,3,7,7,7,7,7,7
5,4,4,4,4,2,2,3,2,3,4,6,8,11,17,36,55,76,94,106,113,118,120,119,116,112,107,104,101,99,97,94,86,82,77,68,53,43,40,35,36,38,41,46,47,48,50,50,52,52,49,47,45,36,25,13,7,2,2,5,9,12,11,8,7,7,7,7,5,4,3,8,8,7,7,7,7
6,6,5,5,3,3,3,1,2,3,4,6,7,9,17,41,61,83,100,112,120,126,128,126,123,119,114,112,109,108,106,100,93,88,82,72,57,45,42,39,41,43,45,49,50,54,55,57,58,58,54,53,51,41,29,17,8,2,2,5,9,11,9,7,6,7,7,7,6,5,5,8,8,8,7,7,6
4,4,3,3,1,1,1,1,2,3,4,6,7,9,17,45,66,87,107,119,127,132,134,132,129,126,121,118,117,118,115,105,98,94,88,77,60,48,43,44,44,49,51,54,55,59,61,63,63,64,61,59,56,46,34,18,10,2,2,6,9,9,7,5,5,6,7,7,7,6,6,8,8,8,7,7,6
3,3,2,2,2,0,0,2,0,3,7,8,6,10,21,47,72,95,112,124,135,139,139,137,136,133,129,126,124,125,122,115,106,98,93,85,70,54,47,47,43,45,53,60,62,66,71,70,68,69,68,68,62,51,39,24,15,5,1,2,6,8,8,7,6,6,5,5,6,6,7,9,8,7,6,6,6
4,4,3,3,2,2,2,2,2,4,9,9,8,10,23,53,79,101,117,130,141,145,145,145,141,138,135,132,130,128,127,122,112,105,100,89,75,60,53,53,49,50,59,67,71,73,78,78,76,74,75,74,69,58,44,30,19,10,4,2,5,7,6,7,6,6,5,5,6,6,7,9,8,7,6,6,6
6,6,4,4,3,3,3,4,3,4,9,9,9,12,28,60,86,108,126,138,148,153,151,151,148,144,140,138,135,132,131,127,120,113,107,96,82,68,62,60,55,57,67,75,79,84,86,87,84,82,83,83,75,62,50,35,24,12,6,4,5,6,6,7,7,6,6,6,6,7,7,9,8,7,6,6,6
7,7,6,6,4,4,4,5,6,6,10,12,11,15,30,67,94,116,132,146,157,160,159,157,154,151,147,144,138,137,136,132,125,120,113,101,86,74,68,65,61,65,73,83,87,93,95,95,92,90,90,89,83,70,55,38,27,15,8,6,6,8,7,8,7,6,6,6,6,7,8,9,8,7,6,6,6
9,9,7,7,6,6,6,8,7,8,12,14,15,18,35,74,102,125,141,154,164,168,167,163,160,157,152,148,144,142,139,137,131,126,119,106,88,76,72,69,66,70,81,90,95,101,104,101,97,96,96,95,87,76,62,41,30,18,10,9,9,12,10,8,8,7,6,6,7,8,8,9,8,7,6,6,6
10,10,9,9,7,7,7,10,10,10,13,16,15,21,38,81,110,132,149,163,171,176,174,170,167,164,160,155,149,146,145,142,139,132,124,109,92,80,76,72,71,76,87,97,103,108,111,108,102,102,102,102,94,83,68,45,33,21,12,10,9,11,11,9,8,7,7,7,7,8,8,9,8,7,6,6,6
10,10,9,9,9,9,9,13,10,11,14,16,17,24,42,89,118,141,157,170,180,184,182,175,173,170,166,161,156,151,150,148,145,138,130,114,95,83,81,78,75,81,93,103,108,115,118,112,108,108,107,107,101,89,76,51,38,23,15,11,9,10,8,10,8,8,7,7,8,8,9,9,8,7,6,6,6
10,9,7,7,7,10,10,14,10,10,12,14,17,27,47,97,125,147,163,174,185,189,187,182,180,177,173,168,162,155,154,152,150,145,137,118,100,89,87,84,81,86,97,109,114,118,121,116,112,113,115,116,110,98,84,58,43,27,16,9,6,6,6,10,9,9,8,8,8,9,9,9,8,7,6,6,6
9,2,0,1,6,13,18,19,9,2,6,10,14,31,57,100,133,159,170,178,189,195,192,192,189,185,181,176,169,163,159,159,152,147,143,131,111,98,96,94,90,94,106,116,122,126,128,124,127,131,129,129,124,111,93,67,46,24,14,9,5,7,10,10,11,13,12,10,8,11,10,10,6,3,3,7,10
9,1,0,1,6,15,19,20,9,0,3,8,14,36,64,110,144,167,179,186,196,201,200,200,198,193,188,184,178,170,166,163,156,151,150,137,117,105,104,100,96,100,110,121,127,128,130,128,131,135,135,136,130,118,99,73,48,27,15,9,5,6,10,9,12,13,12,10,9,10,12,10,6,3,3,7,10
9,2,0,2,7,14,18,19,9,2,4,9,16,39,69,120,153,177,188,197,204,211,209,209,207,203,199,193,186,180,176,170,164,158,155,143,123,111,108,103,100,104,116,127,131,133,134,131,136,140,140,139,136,124,104,78,54,31,18,11,6,6,10,8,11,12,11,9,8,9,11,9,6,3,4,7,9
9,3,0,4,6,14,15,19,9,2,4,10,19,44,76,128,163,187,198,205,214,220,218,219,216,211,207,202,195,188,185,179,172,166,162,148,128,115,113,106,104,108,122,133,135,137,137,136,139,144,144,144,141,128,111,87,61,35,21,14,8,7,9,8,10,11,11,8,7,9,10,9,7,4,5,7,9
9,3,1,4,6,15,15,18,10,3,6,12,21,49,84,139,173,196,207,214,222,227,227,228,225,220,217,211,204,197,191,187,179,172,169,155,133,120,117,109,107,114,126,138,142,142,142,141,146,149,150,150,146,136,119,96,69,41,24,17,10,8,9,8,10,11,11,8,7,9,10,9,7,5,6,7,8
10,4,0,2,6,14,17,18,10,4,7,13,25,55,92,148,182,206,216,223,232,237,235,236,233,229,226,220,212,206,200,196,188,181,176,162,139,125,122,117,114,120,132,144,147,149,151,149,154,157,158,158,155,144,129,105,76,47,29,20,13,8,9,8,11,12,11,9,8,9,11,8,8,7,7,7,8
11,4,0,1,6,14,18,17,10,5,8,14,29,61,100,160,194,217,227,234,243,246,245,246,244,240,234,230,223,215,210,206,195,188,184,169,147,132,128,126,122,128,139,149,155,158,161,159,162,167,165,166,163,153,139,113,83,52,33,24,16,11,9,9,12,13,12,10,9,10,12,8,8,8,7,7,7
11,3,0,0,6,15,22,17,10,5,10,16,30,66,105,169,202,226,235,241,250,254,252,254,252,247,243,237,231,223,218,211,202,195,189,175,153,138,134,133,129,132,144,155,161,164,169,167,172,173,172,173,169,161,148,121,91,58,37,28,19,12,9,11,12,14,13,10,10,11,12,8,9,8,8,7,7
9,3,0,1,6,13,18,13,12,5,10,23,34,70,122,174,212,236,246,248,252,255,255,255,255,254,250,246,238,232,228,219,211,206,201,187,163,145,140,138,135,140,154,169,177,177,180,178,181,182,181,179,177,169,156,136,104,71,49,33,19,11,10,11,12,12,13,12,11,11,10,8,8,7,7,7,7
10,3,0,1,5,13,18,15,14,8,14,26,39,74,127,185,219,242,249,250,253,255,255,255,255,255,253,249,242,237,234,230,223,217,212,196,171,153,149,144,141,146,160,176,181,184,187,188,191,190,188,187,184,177,166,144,115,80,56,38,23,13,13,11,12,12,13,12,11,11,10,8,8,7,7,7,7
10,3,0,0,5,13,16,18,18,12,17,30,43,81,135,197,228,248,252,250,255,255,255,255,255,255,255,252,247,244,241,236,229,223,219,203,177,159,154,151,148,153,168,181,189,192,195,198,203,201,197,195,195,187,177,154,126,92,65,42,27,15,13,11,12,12,13,12,11,11,10,8,8,7,7,7,7
10,3,0,0,5,12,16,18,19,14,19,31,47,88,143,205,234,250,252,252,255,255,254,255,255,255,255,253,251,248,247,244,237,232,227,210,183,166,159,156,153,160,174,189,195,198,201,208,213,211,206,203,202,196,186,166,140,103,72,47,29,16,10,11,12,12,13,12,11,11,10,8,8,7,7,7,7
10,3,0,0,5,12,16,19,18,13,18,33,51,95,153,210,237,251,251,251,255,254,255,255,255,255,254,253,251,250,250,253,247,242,239,222,195,175,168,164,161,165,181,196,204,207,210,216,220,217,212,210,208,202,193,175,151,115,78,50,30,16,10,11,12,12,13,12,11,11,10,8,8,7,7,7,7
10,3,0,0,5,12,16,18,19,13,19,34,54,103,164,215,238,250,250,250,255,255,255,255,255,255,253,253,252,252,253,255,251,247,244,228,201,180,174,172,169,173,188,204,212,215,218,226,229,226,220,218,216,210,202,186,164,126,86,52,33,19,10,11,12,12,13,12,11,11,10,8,8,7,7,7,7
10,3,0,0,5,12,16,18,19,15,20,36,59,110,172,222,243,251,250,250,255,255,255,255,255,255,252,254,251,253,254,255,253,250,247,231,205,185,178,178,175,181,196,212,219,221,227,235,238,235,230,226,224,220,211,196,176,138,92,57,36,22,12,11,12,12,13,12,11,11,10,8,8,7,7,7,7
10,4,3,4,8,12,15,15,19,18,25,43,67,117,178,228,247,254,252,250,255,255,253,255,255,254,254,253,252,254,255,255,255,255,253,238,213,193,186,184,182,188,203,219,225,229,233,240,246,242,236,234,233,229,220,206,185,146,99,61,40,24,14,10,11,12,12,12,11,11,10,8,8,8,8,8,8
9,10,11,13,14,14,14,14,14,24,36,49,76,135,196,240,250,253,255,254,254,254,255,255,255,255,255,255,255,255,255,255,254,252,250,240,222,203,191,190,190,201,217,232,239,241,244,252,252,250,247,243,241,240,239,223,199,161,118,77,45,22,13,9,10,14,12,10,8,9,10,11,11,12,12,12,13
7,11,15,17,17,14,12,10,11,23,38,54,83,144,204,243,252,255,255,254,254,255,255,255,255,255,255,255,255,255,255,255,252,252,251,243,226,209,199,196,197,206,224,239,244,248,249,255,255,252,249,248,245,246,245,231,208,170,125,79,46,25,17,12,10,11,11,11,10,10,9,10,11,12,12,13,13
7,12,15,16,17,14,12,7,9,21,37,55,88,150,209,245,252,255,255,255,255,255,255,255,255,255,255,255,255,255,255,255,252,253,252,246,231,216,208,202,203,213,231,244,249,253,254,255,255,254,253,251,249,250,249,240,220,180,133,85,50,29,21,15,12,11,12,14,14,11,8,9,10,11,11,12,12
8,13,16,19,17,14,12,8,11,22,37,58,96,158,214,247,253,255,255,255,255,255,255,255,255,255,255,255,255,255,255,255,254,252,254,250,235,221,214,209,211,219,235,248,253,255,255,255,255,255,254,252,251,252,253,248,229,193,143,89,53,32,25,18,11,8,10,14,15,11,6,9,9,10,11,11,11
8,13,16,19,17,13,11,11,14,25,39,60,101,166,221,246,251,255,255,255,254,255,255,255,255,255,255,255,255,255,255,255,255,253,255,252,239,226,220,216,217,225,240,252,255,255,255,255,255,255,254,252,252,253,254,251,237,206,156,97,56,35,28,19,12,8,9,13,15,11,7,10,10,10,11,11,11
8,13,17,19,16,13,11,15,18,28,41,64,109,174,227,246,252,255,255,255,253,255,255,255,255,255,255,255,255,255,255,255,255,254,255,253,243,232,226,225,224,231,244,254,255,255,255,255,255,255,255,252,252,255,255,251,243,219,170,108,62,38,30,20,13,10,10,12,13,12,10,10,11,11,11,12,12
9,13,17,19,18,15,11,16,20,28,41,68,117,185,235,247,251,254,255,255,254,255,255,254,255,255,255,255,255,255,255,255,255,255,255,255,250,241,236,233,231,236,247,255,255,255,255,255,255,255,254,254,254,255,255,252,250,230,183,121,70,44,35,23,17,15,14,14,14,15,15,11,12,12,12,12,12
9,14,17,19,18,14,12,15,20,29,43,72,123,191,241,249,252,255,255,255,254,255,255,253,254,255,255,255,255,255,255,255,253,254,255,255,254,247,244,237,235,239,250,255,255,254,255,255,255,255,255,253,253,255,255,252,253,238,194,131,77,49,38,25,19,20,17,15,15,17,19,12,12,13,13,12,13
13,18,20,22,22,20,16,17,20,36,52,77,132,202,240,249,254,255,255,254,255,255,253,254,254,255,255,255,255,255,255,255,254,254,255,255,253,248,248,249,247,247,254,255,255,254,255,255,255,255,254,254,255,255,255,255,254,239,205,147,90,59,49,24,20,21,18,16,16,15,16,13,14,13,13,12,12
13,18,22,23,22,20,18,19,22,38,54,83,140,210,244,248,254,255,254,253,254,255,252,254,254,254,254,255,254,254,254,255,254,255,255,255,255,250,249,250,247,248,254,255,255,253,255,255,255,254,252,253,253,255,255,255,255,243,213,157,99,63,49,29,22,21,19,17,15,15,14,14,14,13,13,12,12
13,18,22,23,23,22,19,20,24,39,58,89,150,218,248,249,252,255,254,254,253,255,252,252,253,253,253,254,254,255,254,255,253,254,255,255,255,252,252,251,248,249,253,255,253,252,254,255,255,253,251,251,251,255,255,255,255,249,222,171,111,68,49,32,24,23,19,17,15,15,15,16,15,14,13,12,11
13,18,22,23,23,22,19,22,26,42,61,95,158,225,250,249,252,255,253,253,254,254,252,252,253,253,254,254,255,253,254,254,252,252,255,255,255,253,253,253,249,250,253,255,252,251,253,255,255,253,252,251,250,253,255,255,255,254,233,184,121,74,48,33,25,22,20,20,18,18,16,17,16,14,14,11,11
13,18,22,23,22,22,21,27,29,43,62,102,167,229,247,251,253,255,254,254,255,255,252,253,254,254,254,254,254,254,253,251,249,251,255,255,255,253,252,253,251,249,253,255,252,249,252,255,255,253,251,250,250,253,255,255,255,255,239,194,134,81,50,33,24,22,21,23,22,21,18,17,16,14,14,11,11
13,18,22,23,24,23,21,29,32,44,64,108,176,235,248,252,254,255,254,254,255,255,252,254,254,254,255,254,255,254,254,251,247,249,255,255,255,254,253,255,251,251,253,255,251,248,250,254,254,252,250,250,251,254,255,255,255,255,243,203,144,90,55,38,27,23,23,26,26,22,19,18,15,14,13,12,11
13,18,22,24,24,23,22,30,33,46,66,113,184,242,252,253,255,255,255,255,255,255,254,254,255,255,255,255,255,255,255,250,248,249,255,255,255,254,254,255,252,251,255,255,251,248,250,253,254,252,250,250,251,255,255,255,255,255,246,210,153,100,63,43,32,27,25,27,27,21,16,16,14,13,13,12,12
14,19,23,26,26,24,22,30,34,48,70,119,192,249,255,252,253,255,254,253,254,254,251,253,254,255,255,255,255,255,255,251,248,250,255,255,255,255,254,255,251,251,254,255,252,249,251,253,252,249,247,248,249,253,255,255,255,255,249,217,163,110,74,53,39,33,30,28,26,20,14,15,16,14,14,13,13
16,21,25,26,28,28,29,31,45,49,68,131,202,246,255,255,252,254,255,255,254,253,252,253,253,254,255,254,253,253,253,250,249,251,255,255,255,255,252,253,252,252,255,255,255,255,255,254,253,250,246,246,249,252,255,255,255,255,249,237,187,122,85,64,49,39,31,25,22,22,22,21,20,21,19,16,14
21,25,28,31,31,31,33,32,47,54,73,136,208,250,255,255,251,253,255,255,254,253,251,252,253,254,254,255,254,253,255,250,251,253,255,255,255,255,252,252,251,252,255,255,255,255,255,255,252,249,246,246,247,252,255,255,255,255,251,242,198,135,94,67,53,42,33,25,22,21,20,20,20,22,20,20,16
21,26,29,32,32,32,34,33,48,56,79,143,214,255,255,255,251,253,255,255,254,252,253,254,255,255,255,255,255,255,255,252,253,254,255,255,255,254,253,252,252,253,255,255,255,255,255,255,253,250,248,248,249,252,255,255,255,255,253,246,210,147,99,69,55,43,35,27,22,19,18,18,20,21,20,20,17
19,24,26,29,29,31,33,35,50,59,86,152,220,255,255,255,252,255,255,255,255,254,253,255,255,255,255,255,255,255,255,253,253,255,255,255,255,255,253,252,253,254,255,255,255,255,255,255,254,252,250,250,252,254,255,255,255,255,254,249,220,160,102,70,56,46,36,27,21,18,16,17,20,21,20,20,17
19,24,25,28,30,32,36,36,51,64,94,162,225,255,255,255,252,255,255,255,255,254,255,254,255,255,255,255,255,254,255,253,253,254,255,255,255,254,252,253,253,253,255,255,255,255,255,255,255,252,252,251,252,255,255,255,255,254,255,247,227,173,108,76,60,48,37,29,23,19,17,17,20,21,20,20,17
21,24,26,28,31,34,38,41,55,69,101,169,229,255,255,255,254,255,255,254,255,255,255,254,254,255,255,255,255,254,255,252,253,254,255,255,255,252,251,252,253,254,255,255,255,255,255,255,255,254,254,252,253,255,255,255,255,255,255,245,233,186,119,81,65,52,40,30,25,21,19,18,18,20,20,18,17
18,22,24,26,28,33,39,47,61,74,110,177,233,255,255,255,254,255,255,255,255,255,255,253,254,255,255,255,255,255,255,254,254,255,255,255,255,253,251,253,253,253,255,255,255,255,255,255,255,255,254,254,255,255,255,255,255,255,255,243,239,201,130,89,73,57,42,31,25,22,21,20,19,21,20,18,16
17,19,21,23,25,30,38,53,66,79,117,181,236,255,255,255,252,255,255,255,254,254,254,254,255,255,255,255,255,255,255,253,253,255,255,255,255,254,251,251,252,253,254,255,255,255,254,255,255,253,254,253,254,255,255,255,255,255,255,242,243,211,142,95,77,59,44,32,26,25,23,21,20,21,21,17,16
20,22,23,25,28,36,44,55,66,83,127,195,239,255,255,255,253,255,255,254,253,253,253,254,253,253,253,255,255,255,252,251,253,255,255,255,255,254,250,252,249,247,255,255,255,255,255,254,253,254,254,255,255,255,255,255,255,253,253,251,243,221,161,104,78,63,48,32,31,28,16,23,21,19,18,17,16
23,23,23,25,29,37,46,60,70,88,134,199,239,255,255,255,253,255,255,255,254,253,254,253,253,253,253,255,255,252,252,251,251,255,255,255,255,251,249,252,248,247,253,255,255,255,254,251,251,252,254,255,255,255,255,253,255,251,253,250,245,228,170,113,85,67,53,37,33,30,17,23,20,19,16,16,15
24,25,26,26,29,38,48,65,76,96,141,202,240,253,255,255,254,255,255,255,254,253,253,252,251,251,251,253,253,253,251,251,252,255,255,255,255,251,249,250,247,246,253,255,255,255,254,250,250,252,255,255,255,255,254,251,255,250,252,251,248,235,181,123,92,72,57,42,36,31,18,21,18,17,16,16,16
27,26,26,26,30,39,50,67,79,101,148,207,240,252,255,255,253,255,255,255,253,252,253,252,251,251,251,254,254,252,252,251,252,255,255,255,255,252,249,250,246,247,253,255,255,255,254,251,250,252,255,255,255,255,253,250,254,248,252,253,251,242,194,130,97,76,60,45,37,32,21,20,18,17,16,17,19
28,27,27,28,33,41,53,71,82,106,157,212,240,248,255,255,254,255,255,255,252,251,252,252,251,251,251,254,254,252,250,251,252,255,255,255,255,252,249,250,247,247,253,255,255,255,255,252,251,255,255,255,255,255,253,248,251,246,253,252,252,249,208,138,100,77,63,46,39,33,23,20,18,17,17,17,19
31,29,28,28,33,44,55,73,86,112,164,218,240,247,255,255,255,255,255,255,253,252,252,252,251,252,252,254,254,251,251,251,253,255,255,255,255,253,250,253,247,247,255,255,255,255,254,252,251,255,255,255,255,255,253,247,250,247,254,255,254,255,220,146,106,79,65,49,39,34,24,22,19,18,17,18,19
32,30,29,29,34,44,55,75,89,117,171,224,243,247,255,255,255,255,255,255,253,254,255,253,253,251,252,253,254,252,252,252,253,255,255,255,255,253,251,253,248,248,254,255,255,255,255,252,253,255,255,255,255,255,255,249,251,248,255,255,255,255,230,159,115,85,71,53,39,32,23,23,21,19,18,18,19
32,30,29,29,35,46,58,79,92,121,176,228,245,249,255,255,255,255,255,255,255,254,255,253,253,252,252,254,255,253,253,252,254,254,255,255,255,252,249,254,250,249,255,255,255,255,254,251,251,255,255,255,255,255,252,249,252,248,255,255,255,255,233,166,121,91,75,56,42,34,24,25,22,18,17,18,18
33,31,31,29,33,46,59,77,92,131,188,230,248,255,255,255,255,255,255,255,255,255,255,255,255,255,255,255,255,255,255,254,254,255,255,255,254,250,248,254,251,253,255,255,255,255,253,251,253,255,255,255,255,254,254,252,252,254,254,255,255,251,237,181,126,90,80,67,49,38,29,21,19,19,18,18,19
30,30,30,30,35,48,60,81,96,136,192,234,251,255,255,255,255,255,255,255,255,255,255,255,255,255,255,255,255,255,255,254,254,254,255,255,253,249,247,255,252,254,255,255,255,253,250,249,251,255,254,255,254,254,253,252,253,255,255,255,255,248,237,189,137,98,85,71,53,43,33,24,20,19,17,17,19
30,31,31,31,38,51,65,83,100,142,197,237,252,255,255,255,255,255,255,255,255,255,255,255,255,255,255,255,255,255,255,254,254,254,255,255,252,250,248,255,253,255,255,255,255,253,251,250,251,255,255,255,254,254,253,253,255,255,255,255,255,251,241,202,148,106,90,73,56,47,37,28,24,21,19,18,19
30,31,31,32,40,54,69,86,107,148,203,240,253,255,255,255,255,255,255,255,255,255,255,255,255,255,255,255,255,255,255,255,255,255,255,255,253,251,249,255,254,255,255,255,255,254,251,251,253,255,255,255,255,255,253,254,255,255,255,255,255,252,244,214,160,115,94,75,60,52,41,34,29,25,24,22,24
31,31,31,33,42,57,72,89,110,154,208,242,252,255,255,255,255,255,255,255,255,254,255,254,255,255,255,255,255,255,255,254,254,255,255,255,254,251,249,255,254,255,255,255,255,255,252,252,253,255,255,255,255,255,253,253,254,255,255,255,255,254,245,223,170,122,98,79,67,58,47,33,30,27,26,26,26
33,33,33,35,44,60,75,91,115,160,212,243,252,255,255,255,255,254,255,255,255,255,254,254,254,255,255,255,255,255,255,255,255,255,255,255,254,250,249,255,253,255,255,255,255,255,252,252,254,255,255,255,255,255,254,252,254,255,255,255,255,254,247,231,181,131,104,84,72,64,50,33,29,25,24,24,24
35,34,34,37,46,61,77,94,120,166,218,246,252,255,255,255,255,255,255,255,254,253,252,253,254,255,255,254,255,255,255,253,255,255,255,255,253,250,250,255,254,255,255,255,255,254,252,252,254,255,255,255,255,254,253,252,254,255,255,255,255,254,249,241,194,142,112,90,77,69,52,38,33,29,25,24,24
36,37,36,39,47,63,78,99,125,172,222,247,251,255,255,255,255,255,255,255,253,253,252,252,252,253,253,254,253,254,255,253,254,253,255,255,252,251,249,255,253,254,255,255,255,253,251,252,254,255,255,255,253,253,250,252,253,255,255,255,255,254,251,248,201,150,119,94,82,71,52,45,38,33,28,26,25
34,32,34,41,52,67,81,98,127,182,228,243,252,255,255,255,254,255,254,253,252,251,252,251,252,254,253,255,254,255,255,255,255,255,255,255,253,251,250,254,252,254,255,255,255,254,254,252,253,254,255,255,255,254,252,248,249,254,255,255,255,254,250,248,218,157,111,97,85,67,57,43,38,34,30,27,25
34,32,34,41,54,70,84,101,131,185,231,245,251,255,255,255,254,253,253,253,252,251,252,250,253,254,253,254,255,254,255,253,255,254,255,255,252,251,249,254,252,253,255,255,255,254,252,252,252,253,254,255,255,252,249,247,250,253,255,255,255,254,251,251,224,164,118,102,90,72,61,49,42,37,32,29,25
34,33,35,43,56,72,85,107,137,191,234,246,253,255,255,255,253,252,252,252,252,252,253,251,253,254,254,255,255,255,255,254,254,253,255,255,252,251,249,253,251,252,255,255,255,254,252,251,251,252,253,254,254,252,249,248,249,253,255,255,255,254,252,253,232,174,125,107,94,77,67,54,47,40,36,31,27
35,33,38,46,59,75,88,110,144,197,237,247,253,255,255,255,252,252,252,252,251,252,254,252,254,255,255,255,255,255,254,254,255,254,255,255,253,250,248,253,251,252,255,255,255,254,251,251,251,252,254,255,254,252,248,248,250,253,255,255,255,255,253,254,237,182,130,109,95,78,67,55,49,43,38,34,30
35,35,38,47,61,77,91,114,149,202,240,248,254,255,254,255,253,254,253,253,252,253,255,253,255,255,255,255,255,255,255,253,255,255,255,255,253,250,249,254,252,253,255,255,255,254,253,251,252,252,254,254,253,251,249,249,250,251,254,255,255,255,255,252,240,189,134,108,92,74,65,56,48,43,38,35,32
35,35,40,48,64,79,93,117,155,208,242,247,255,255,254,253,253,254,254,253,254,254,255,254,255,255,255,255,255,255,255,255,254,255,255,255,254,251,249,253,252,253,255,255,255,255,253,252,251,253,253,254,253,252,249,248,250,251,254,255,255,255,255,250,243,196,139,108,91,74,64,55,49,43,38,35,34
36,35,40,51,65,80,94,120,160,214,246,250,255,255,254,253,253,254,254,255,255,255,255,255,255,255,255,255,255,255,255,255,255,255,255,255,254,250,250,254,253,253,255,255,255,255,254,253,252,252,254,255,254,252,250,249,249,250,252,255,255,255,255,252,248,204,143,110,92,76,66,57,50,45,39,35,33
36,38,42,52,67,83,96,122,162,216,248,252,255,255,255,253,253,254,254,255,255,255,255,254,255,255,255,255,255,255,255,255,255,254,255,255,252,250,250,254,251,253,255,255,255,253,253,252,252,253,253,253,254,253,250,251,250,251,254,255,255,255,255,251,252,210,152,117,99,81,69,60,54,50,43,37,33
34,36,45,57,71,86,96,121,178,224,240,254,255,255,255,255,254,254,253,253,252,254,254,251,253,252,254,255,254,254,255,254,254,253,254,255,253,250,246,251,251,252,255,255,255,255,251,255,255,255,255,255,255,255,254,255,255,254,255,255,255,255,255,248,248,227,178,126,103,88,69,66,60,59,52,46,38
36,40,47,61,75,89,99,124,180,225,242,254,255,255,255,255,254,254,253,253,252,252,252,252,253,253,254,253,253,253,252,254,252,253,254,255,254,248,245,251,250,252,255,255,255,254,250,255,255,255,254,255,255,255,254,255,255,255,255,255,255,255,254,250,251,234,187,137,112,94,75,66,63,63,57,50,40
37,42,49,62,76,91,101,129,186,229,245,255,255,255,255,255,254,254,253,253,252,252,252,253,254,254,255,254,254,254,254,255,253,252,253,254,253,249,245,251,251,252,255,255,255,254,251,255,255,255,254,255,255,255,254,255,255,255,255,255,255,255,254,255,255,238,197,147,117,98,79,64,61,61,58,51,39
38,44,52,64,78,93,105,134,190,232,247,255,255,255,255,254,254,254,253,253,252,252,252,254,255,255,255,255,255,255,255,254,254,252,254,255,254,249,246,251,251,252,255,255,255,255,251,255,255,255,254,255,254,255,255,255,255,255,255,255,255,255,255,255,254,242,206,156,121,100,81,63,61,62,59,52,40
39,46,53,64,78,96,107,138,194,235,249,255,255,255,255,254,254,254,253,253,253,252,252,255,255,255,255,255,255,255,255,255,254,253,255,255,255,249,247,251,251,252,255,255,255,253,251,255,255,255,254,255,255,255,255,255,255,255,255,255,255,255,255,255,252,242,213,163,124,99,82,65,61,62,58,51,40
39,47,54,64,78,96,111,143,198,238,249,255,255,255,254,254,254,254,253,253,252,252,252,254,255,255,255,255,255,255,255,255,254,254,255,255,255,250,246,251,252,253,254,255,255,253,250,255,255,254,255,255,255,255,255,255,255,255,255,255,255,255,255,255,251,245,220,172,127,99,84,66,61,60,56,50,40
38,47,54,63,79,97,111,148,203,242,252,255,255,255,254,254,254,254,253,253,252,252,252,254,255,254,255,254,254,255,254,255,255,253,254,255,254,251,247,252,252,253,254,255,255,254,250,255,255,255,254,254,255,255,255,255,255,255,255,254,255,255,255,255,251,249,228,180,133,103,87,68,61,58,54,48,41
38,47,55,65,78,97,112,152,206,245,255,255,255,255,254,253,254,254,253,253,252,252,252,253,254,254,255,254,254,254,254,255,255,254,255,255,254,251,247,250,251,251,255,255,255,254,250,255,254,255,254,254,254,255,255,252,255,255,255,254,255,255,255,255,251,250,234,187,137,106,91,68,61,57,51,45,40
37,44,57,68,81,99,115,153,218,242,254,255,255,255,248,254,255,255,254,254,253,253,253,255,255,255,255,255,255,255,255,255,253,254,255,255,254,249,247,251,250,251,255,255,255,254,254,255,255,255,255,255,254,255,255,255,255,255,254,255,255,255,255,255,250,251,241,202,145,107,97,73,62,55,49,45,41
38,46,58,71,82,102,118,160,223,246,255,255,255,254,248,254,255,255,254,254,253,253,253,255,255,255,255,255,255,255,255,255,253,254,255,255,254,249,246,251,250,251,255,255,255,254,253,255,255,255,255,255,255,255,255,255,255,254,254,255,255,255,255,255,250,252,244,207,151,110,99,76,64,57,50,46,43
40,48,60,72,86,105,122,168,227,248,255,255,255,253,248,254,255,255,254,254,253,253,253,255,255,255,255,255,255,255,255,254,253,252,254,255,254,249,247,251,250,251,255,255,255,254,253,255,255,255,255,255,255,255,255,255,254,254,254,254,254,255,255,255,251,254,247,214,160,115,100,77,65,55,50,46,42
40,50,61,72,86,107,125,177,232,250,255,255,255,251,246,253,255,255,254,254,253,253,253,255,255,255,255,255,255,255,254,255,253,253,254,255,254,250,247,250,248,250,255,255,255,254,253,255,255,255,255,255,255,255,255,255,254,254,254,254,254,255,255,255,251,255,251,221,169,122,99,76,62,53,47,44,40
39,50,61,73,86,110,129,186,236,249,255,255,255,249,247,253,255,255,254,254,253,253,253,255,255,255,255,255,255,255,255,255,253,253,255,255,255,249,248,250,248,250,255,255,255,252,253,255,255,255,255,255,255,255,255,255,254,253,253,254,254,254,254,255,251,255,254,230,179,127,97,75,61,52,47,45,41
39,51,61,72,86,112,132,191,238,249,255,255,255,249,248,253,255,255,254,254,253,253,253,255,255,255,255,255,255,255,255,255,254,253,255,255,255,249,246,250,248,250,255,255,255,252,252,255,255,255,255,255,255,255,254,255,254,253,253,254,254,254,254,255,250,255,255,237,188,133,98,76,62,54,49,47,44
41,53,63,75,89,114,136,194,239,248,255,255,255,250,249,253,255,255,254,254,253,253,253,255,255,255,255,255,255,255,255,255,254,253,253,255,255,250,246,250,248,250,255,255,255,252,252,254,254,254,254,255,254,255,254,255,254,253,253,254,254,254,254,255,252,255,255,244,197,141,101,75,61,53,49,48,45
43,53,63,75,90,117,141,196,237,244,255,255,255,250,251,253,255,255,254,254,255,255,255,255,255,255,255,255,255,255,255,255,254,253,255,255,255,251,248,250,248,250,255,255,255,252,252,252,253,252,252,252,253,255,254,255,254,254,253,254,254,254,254,255,253,255,255,242,198,143,106,76,62,53,48,46,44
49,49,58,76,90,117,152,208,234,248,254,255,252,250,255,254,255,255,255,255,255,255,255,255,255,255,255,254,253,254,254,254,254,254,255,255,255,251,249,250,250,251,255,255,255,255,251,251,250,251,250,252,254,255,254,255,255,253,254,253,254,254,255,255,255,255,249,235,200,148,106,86,73,59,53,52,47
48,48,56,75,89,121,155,211,235,247,250,253,250,251,255,255,255,255,255,255,255,255,255,255,255,255,255,254,253,252,253,254,254,255,255,255,255,251,248,251,252,252,255,255,255,255,251,250,250,251,250,252,253,255,255,255,255,255,254,253,254,254,255,255,255,253,247,234,202,154,114,95,82,67,57,54,50
46,47,55,74,89,123,158,214,237,247,250,254,250,252,255,255,255,255,255,255,255,255,255,255,255,255,255,254,252,254,253,254,253,255,255,255,255,251,248,250,252,252,255,255,255,255,251,250,250,250,250,252,253,255,255,255,255,255,254,253,254,254,255,255,255,255,250,239,210,163,121,101,85,68,58,53,50
45,46,54,73,89,125,162,218,238,248,250,255,251,252,255,255,255,255,255,255,255,255,255,255,255,255,255,253,254,253,254,254,253,255,255,255,255,251,249,250,251,252,255,255,255,255,251,252,250,251,251,253,254,255,255,255,255,255,254,254,254,254,255,255,255,255,250,241,216,168,124,101,85,65,54,49,46
46,47,53,72,89,127,166,222,242,249,251,255,252,252,255,255,255,255,255,255,255,255,255,255,255,255,255,255,254,254,253,254,255,254,255,255,255,252,248,250,251,251,255,255,255,255,251,251,252,252,252,253,253,255,255,255,255,255,254,254,255,254,255,255,255,255,251,243,220,172,124,102,85,67,53,47,45
48,49,54,72,89,129,169,226,245,250,251,255,253,252,255,255,255,255,254,255,255,255,255,255,255,255,255,255,254,253,254,255,254,254,255,255,255,252,248,251,252,253,255,255,255,255,252,252,251,253,254,254,255,255,255,255,255,255,255,254,255,254,254,255,255,255,252,246,225,176,125,105,88,70,57,50,46
50,51,55,72,89,130,172,229,246,251,251,255,254,252,255,254,254,255,254,255,255,255,255,255,255,255,255,255,255,254,255,255,254,255,255,255,255,251,248,251,251,253,254,255,255,255,251,252,252,254,254,255,255,255,255,255,255,255,255,254,255,254,254,252,255,255,252,249,231,182,131,107,91,73,59,52,49
52,52,56,72,89,131,173,231,248,251,252,255,254,252,255,254,254,255,254,255,255,255,255,255,255,255,255,255,255,255,255,255,254,254,255,255,255,252,248,251,251,252,255,255,255,255,251,255,255,255,255,255,255,255,255,255,255,255,255,255,255,254,254,251,255,255,252,252,236,189,135,107,92,75,61,53,49
43,44,56,76,90,130,177,235,248,255,255,253,250,254,253,254,254,254,253,255,255,255,255,255,255,255,255,255,255,255,255,254,253,252,254,255,255,251,248,249,250,251,254,255,255,254,251,255,255,255,255,255,255,254,254,255,255,255,255,255,255,254,253,253,255,255,255,251,240,199,143,111,91,73,61,52,45
41,43,57,78,93,135,183,235,248,255,255,253,250,254,253,254,254,254,253,255,255,255,255,255,255,255,255,255,255,255,255,254,252,251,254,255,255,251,250,250,251,252,254,255,255,254,251,255,255,255,255,255,255,255,255,255,255,255,255,255,255,254,252,252,255,255,255,253,243,203,147,113,93,74,61,52,46
43,44,58,79,94,138,187,236,249,255,255,253,250,254,253,253,254,254,253,255,255,255,255,255,255,255,255,255,255,255,255,253,251,253,254,255,255,253,250,251,251,252,254,255,255,254,251,255,255,255,255,255,255,255,255,255,255,255,255,255,255,253,252,251,255,255,255,255,246,209,154,117,95,75,63,55,47
46,47,58,77,91,136,187,236,249,255,255,254,250,254,253,253,252,253,253,254,255,255,255,254,255,255,255,255,255,255,255,253,250,252,253,255,255,253,250,252,251,253,255,255,255,253,252,255,255,255,255,255,255,255,255,255,254,255,255,255,255,254,252,249,253,255,255,255,248,213,160,121,100,77,64,56,48
45,46,56,75,90,137,189,237,250,255,255,254,251,254,253,252,252,253,254,254,255,254,255,254,255,255,255,255,255,255,255,252,251,250,253,255,255,252,249,252,251,253,255,255,255,253,251,255,255,255,255,255,255,255,254,254,253,255,254,255,255,254,251,247,251,255,255,255,250,219,168,125,101,77,65,58,50
42,44,55,74,92,142,196,238,251,255,255,254,251,254,252,252,252,253,254,254,255,253,255,253,255,255,255,255,255,255,255,252,250,249,252,255,255,252,249,252,253,252,254,255,255,252,250,255,255,255,255,255,255,255,253,253,252,254,253,255,255,253,251,243,250,255,255,255,253,224,175,127,103,78,65,60,53
43,45,56,75,93,144,200,239,252,255,255,254,251,254,252,251,252,253,254,254,255,253,254,254,254,255,254,255,254,254,254,251,249,250,252,255,255,252,249,252,253,252,254,255,255,251,249,255,255,255,255,255,255,254,252,254,253,253,253,255,255,253,251,244,251,255,255,254,255,229,181,127,103,78,67,61,55
49,49,60,76,93,143,199,238,250,255,255,253,251,254,252,252,253,255,255,255,255,253,254,253,255,254,254,253,253,255,254,251,250,252,254,255,255,253,250,252,253,252,255,255,255,254,251,255,255,255,255,255,255,255,253,255,253,253,254,255,255,253,251,246,252,255,255,255,255,229,185,128,106,83,70,63,56
41,52,59,77,102,143,205,240,247,253,253,251,251,254,253,253,253,255,255,254,254,254,254,253,255,255,254,253,254,254,255,255,255,253,254,255,255,252,250,251,252,253,255,255,255,255,252,255,255,255,255,255,255,255,255,254,253,252,252,253,255,254,254,248,255,255,255,255,250,235,184,139,109,91,81,62,50
43,54,62,79,105,147,207,238,247,250,250,249,251,254,253,253,255,255,255,255,254,255,255,255,255,255,253,254,253,253,255,255,255,255,255,255,255,253,250,250,251,252,255,255,255,255,254,255,255,255,255,255,255,255,255,255,253,254,252,254,253,253,253,249,255,255,255,254,247,233,186,143,114,94,82,62,48
44,55,63,80,107,149,210,239,247,250,250,248,250,255,255,255,254,255,255,255,254,255,255,255,255,254,254,254,253,253,255,255,255,255,255,255,255,252,249,250,252,253,255,255,255,255,253,255,255,255,254,255,255,255,255,255,252,252,252,253,253,252,253,249,255,255,255,255,247,234,189,146,118,95,81,60,45
44,55,61,80,107,148,211,242,249,252,251,250,251,255,255,255,254,255,254,255,253,255,255,255,255,254,254,252,252,254,255,255,255,255,255,255,255,251,250,251,251,252,255,255,255,255,252,255,255,255,255,255,255,255,255,255,252,251,251,251,253,253,252,249,255,255,255,255,247,235,195,150,117,93,79,58,44
41,53,59,79,107,149,212,243,249,254,252,249,250,255,255,255,255,255,254,254,252,255,255,255,255,255,254,253,252,253,254,255,255,255,255,255,255,251,250,251,252,253,255,255,255,254,250,255,255,255,255,255,255,255,255,255,253,252,250,250,251,253,252,249,255,255,255,255,245,237,201,151,117,91,76,58,46
41,52,59,78,107,150,214,244,250,254,252,249,252,255,255,255,255,255,255,253,253,254,254,255,255,255,254,253,253,252,254,255,255,255,255,255,255,251,249,251,252,253,255,255,255,253,250,254,254,255,255,255,255,255,255,255,253,251,250,251,252,254,254,249,255,255,255,255,246,240,207,153,116,88,74,58,46
41,52,59,79,109,152,216,245,253,255,252,250,252,255,255,255,255,255,254,253,254,254,255,255,255,255,255,254,253,253,254,255,255,254,255,255,255,252,248,253,252,254,255,255,255,254,250,255,255,255,255,255,255,255,255,255,254,252,250,250,253,255,254,251,255,255,255,255,245,240,210,156,119,90,75,59,47
43,53,60,80,110,153,218,247,253,255,254,251,255,255,255,255,255,255,255,255,255,255,255,255,255,255,255,255,255,255,255,255,255,255,255,255,255,252,250,253,254,255,255,255,255,254,251,255,255,255,255,255,255,255,255,255,255,252,252,252,254,255,255,254,255,255,255,255,245,241,213,159,120,90,76,57,47
37,42,57,80,104,161,218,249,254,254,253,254,255,255,255,255,255,254,252,254,255,255,255,254,255,255,255,255,254,253,254,255,255,255,255,254,253,252,251,255,254,254,255,255,255,253,251,253,253,255,255,255,255,255,253,255,253,252,252,253,254,255,255,253,255,255,255,255,253,238,224,164,121,89,76,60,49
38,39,56,79,104,162,221,249,255,255,255,254,255,255,255,255,255,252,253,255,255,255,255,255,255,255,255,255,255,255,255,255,255,255,255,255,254,251,253,255,254,254,255,255,255,255,252,254,255,255,255,255,255,255,255,255,255,254,254,254,255,255,255,254,255,255,255,255,253,238,225,168,124,91,77,60,47
38,39,53,78,104,163,224,251,255,255,255,254,255,255,255,255,254,253,251,253,254,255,255,255,255,255,255,255,255,255,255,255,255,255,255,255,254,252,253,255,255,255,255,255,255,255,252,254,254,255,255,255,255,255,255,255,255,255,255,255,255,255,255,255,255,255,255,255,255,242,227,175,129,93,78,61,48
38,38,52,77,104,165,227,251,255,255,255,254,254,255,255,255,254,252,251,254,253,255,255,255,255,255,255,255,255,255,255,255,255,255,255,254,253,252,253,255,255,255,255,255,255,255,252,254,254,255,255,255,255,255,255,255,255,254,255,255,255,255,255,254,255,255,255,255,255,243,229,181,133,95,78,62,49
38,38,51,75,105,167,229,252,255,255,255,253,254,255,255,255,255,253,251,254,254,255,255,255,255,255,255,255,255,255,255,255,255,254,254,253,254,252,251,255,255,255,255,255,255,253,250,252,253,254,255,255,255,255,255,255,254,253,253,253,255,255,253,254,255,255,255,255,255,246,234,186,136,96,79,64,52
36,38,52,76,106,168,230,252,255,255,254,251,252,255,255,255,255,252,252,252,254,254,255,255,255,255,255,255,254,253,253,255,255,253,252,253,252,251,251,255,255,255,255,255,255,253,250,251,251,252,253,253,254,255,255,254,254,252,253,252,253,255,253,253,255,255,255,255,255,250,237,193,140,99,81,64,54
36,39,54,78,107,169,230,252,255,255,254,252,253,255,254,253,252,249,250,251,253,252,252,254,254,255,255,255,254,254,254,255,255,252,252,252,251,250,250,255,255,255,255,255,255,251,249,250,251,251,252,253,254,254,254,255,253,251,252,251,253,253,253,252,255,255,255,255,255,252,239,199,145,101,81,65,54
36,39,55,79,108,166,227,251,255,255,255,255,254,254,252,253,253,250,249,250,252,252,253,255,255,255,255,255,255,254,254,255,255,254,255,254,253,252,250,255,255,254,255,255,255,254,250,252,252,253,253,254,255,255,255,255,255,253,254,253,255,255,253,254,255,255,255,255,255,253,240,205,151,104,83,66,51
33,40,54,79,107,166,225,249,255,255,255,255,255,253,250,255,254,253,252,253,254,254,253,254,255,255,255,255,255,255,255,255,254,253,255,255,255,255,252,255,255,255,255,254,255,255,254,252,250,253,254,255,255,255,255,255,255,255,255,254,255,255,255,250,252,255,255,255,255,251,240,212,157,109,88,69,52
31,41,56,79,108,164,223,247,255,255,255,255,255,251,248,254,255,254,252,254,254,253,254,255,255,255,255,255,255,255,255,255,254,254,255,255,255,254,251,255,254,255,255,255,255,255,255,252,252,253,254,255,255,255,255,255,255,255,255,255,255,255,255,251,254,255,255,255,255,251,240,217,161,113,90,71,54
29,39,56,80,110,166,225,246,255,255,255,255,255,250,246,252,254,251,250,251,253,253,252,255,255,255,255,255,255,255,255,253,252,253,253,255,255,253,252,254,253,252,255,255,255,255,254,253,252,254,255,255,255,255,255,255,255,255,255,255,255,255,255,250,253,255,255,255,255,250,240,221,166,117,93,72,55
29,38,55,81,112,168,226,246,255,255,255,255,255,249,245,252,253,250,250,252,253,253,253,255,255,255,255,255,255,255,255,254,253,252,253,255,255,254,251,253,252,252,254,255,255,255,253,252,252,253,253,254,255,255,255,255,255,255,255,254,255,255,254,250,251,255,255,255,255,250,242,224,169,120,95,72,54
29,37,55,82,113,167,225,248,255,255,255,255,255,250,247,252,253,251,250,252,254,255,254,255,255,255,255,255,255,255,254,254,253,253,255,255,255,254,252,254,253,253,254,255,255,255,255,251,251,252,253,254,254,255,255,255,255,255,255,254,254,255,253,249,252,255,254,255,255,250,244,226,173,122,95,69,50
30,37,53,83,114,167,224,248,255,255,255,255,255,249,247,252,253,251,252,254,254,255,255,255,255,255,255,255,255,255,255,254,253,254,255,255,255,254,253,253,252,252,254,255,255,255,255,251,251,251,252,253,254,255,255,255,255,255,255,253,254,253,252,250,251,255,254,255,255,251,244,229,175,124,95,68,48
31,37,53,84,115,167,223,247,255,255,255,255,255,249,246,251,253,251,250,253,254,255,255,255,255,255,255,255,255,255,253,254,253,253,254,255,255,254,253,253,252,252,252,255,255,255,255,251,252,252,253,254,255,255,255,255,255,255,255,253,253,254,251,249,251,254,254,255,255,253,245,232,177,126,96,67,47
31,37,53,84,115,166,222,246,255,255,255,255,255,250,247,252,252,252,251,253,255,255,255,255,255,255,254,255,254,254,254,254,253,252,254,255,255,254,252,252,251,251,252,255,255,255,254,252,252,253,255,255,255,255,255,255,255,255,255,254,254,255,253,251,252,255,255,255,255,254,245,234,179,128,98,68,46
32,41,55,85,118,169,222,244,255,255,255,255,255,250,247,250,253,255,254,254,255,255,255,255,255,255,255,255,255,254,254,253,253,253,254,255,255,253,251,252,251,252,252,255,255,255,255,253,253,254,255,255,255,255,255,255,255,254,253,253,254,253,251,248,247,252,255,255,255,254,248,230,187,135,96,69,52
32,41,54,83,117,168,222,244,255,255,255,255,255,251,249,253,255,255,255,255,255,255,255,255,255,255,255,254,254,254,252,252,252,252,254,255,255,253,251,252,251,251,253,255,255,255,255,253,254,254,255,255,255,255,255,255,255,254,254,253,254,255,252,249,250,253,255,255,255,253,249,237,195,140,98,68,49
33,40,54,82,116,167,221,243,255,255,255,255,255,254,251,252,255,255,255,255,255,255,255,255,254,255,254,253,253,253,252,251,251,251,254,255,255,252,250,252,251,251,252,255,255,255,253,255,253,254,255,255,255,255,255,255,255,255,255,254,254,254,252,251,249,252,255,255,255,254,249,239,197,142,99,68,48
33,39,53,81,115,166,221,242,253,255,255,255,255,253,250,253,255,255,255,255,255,255,255,255,255,255,255,255,252,252,252,251,250,252,254,255,255,253,249,251,250,250,252,255,255,255,253,255,254,254,255,255,255,255,255,255,255,255,255,254,254,254,253,250,249,253,255,255,255,255,250,236,193,140,99,70,49
32,38,52,80,114,165,220,241,252,255,255,255,255,254,251,254,255,255,255,255,255,255,255,255,255,255,255,255,254,254,254,253,252,253,254,255,255,253,251,252,251,251,251,254,255,255,254,253,253,254,255,255,255,255,255,255,255,254,254,254,254,254,252,251,249,252,255,255,255,255,251,234,193,140,100,72,51
31,37,51,80,113,165,219,240,253,255,255,255,255,253,251,253,255,254,255,255,255,255,255,255,255,255,255,255,254,254,253,252,252,253,255,255,255,254,251,251,250,249,252,255,254,255,255,254,252,254,254,255,255,255,255,255,255,255,253,253,254,254,252,250,248,252,255,255,255,254,250,239,196,143,100,72,49
30,37,51,79,113,164,218,241,252,255,255,255,255,254,250,252,254,255,254,254,254,254,255,255,255,255,254,253,253,252,252,251,251,253,254,255,254,252,250,247,246,247,250,254,255,255,255,252,253,254,254,255,255,255,255,255,255,254,252,252,253,252,250,251,249,251,254,255,255,253,250,240,198,144,102,72,49
28,35,50,78,110,164,218,241,253,255,255,255,255,255,253,253,255,255,254,253,253,253,255,255,255,254,254,254,253,251,253,252,252,252,253,254,252,250,247,243,243,244,247,252,255,255,255,253,253,253,254,255,255,255,255,255,255,254,253,253,254,255,253,252,252,254,255,255,255,255,251,238,196,141,100,71,49
22,35,52,71,104,159,208,239,251,255,255,255,255,255,253,255,254,251,250,251,253,253,252,251,251,253,254,255,255,255,255,255,254,255,255,254,255,254,233,226,233,234,238,252,254,253,255,253,252,253,254,254,255,255,255,255,255,255,254,255,255,255,255,255,253,255,255,255,255,255,252,233,193,141,97,65,41
18,32,48,70,102,157,207,238,250,255,255,255,255,255,254,255,252,250,250,250,252,251,250,250,251,252,254,255,255,255,255,255,255,255,255,252,255,250,229,222,228,229,234,249,253,252,255,251,252,252,252,252,253,253,253,255,254,255,254,255,255,255,255,255,254,255,255,255,255,255,253,232,191,138,94,63,41
17,30,46,69,102,156,205,236,248,255,255,255,255,255,252,253,252,249,250,250,251,250,250,251,251,252,253,255,255,255,255,255,255,255,254,251,254,246,224,216,220,222,228,245,250,249,254,252,253,253,251,251,251,252,252,254,253,254,253,255,255,255,254,254,253,255,255,255,255,255,252,231,190,138,94,62,40
16,28,44,66,100,153,202,235,247,255,255,255,255,255,253,254,253,251,251,251,253,252,250,252,252,253,252,254,254,254,254,255,254,255,253,247,250,242,218,209,214,213,222,241,248,247,252,253,253,253,253,253,251,253,251,255,253,255,253,255,255,255,255,253,253,255,255,255,255,255,250,229,189,137,93,61,38
15,26,42,64,98,150,198,235,246,255,255,255,255,255,254,255,255,252,253,254,255,253,252,254,253,253,252,254,253,253,252,254,251,253,249,244,247,236,213,204,208,206,215,235,245,244,249,253,254,254,254,255,254,255,254,255,254,255,255,255,255,255,255,254,251,254,255,255,255,255,249,226,186,135,92,60,38
16,25,41,63,95,147,191,233,246,255,255,255,255,255,255,255,255,255,254,254,254,253,252,253,253,252,251,252,251,250,250,250,245,247,244,240,240,231,206,198,200,197,208,229,239,237,244,249,250,251,251,252,253,254,254,255,254,254,255,255,255,255,255,252,251,254,255,255,255,254,247,223,182,132,92,60,38
16,24,39,60,93,141,186,231,245,253,255,255,255,255,254,255,255,255,253,254,254,252,251,251,250,249,248,247,245,244,244,241,237,240,238,233,234,223,200,192,194,190,199,221,233,231,237,241,243,244,245,247,248,250,250,254,254,254,254,255,255,255,255,252,249,253,255,255,255,253,246,219,179,131,90,60,38
17,24,38,60,90,139,181,228,242,251,255,255,255,255,255,254,255,255,252,252,252,251,249,249,248,247,244,243,241,240,240,235,232,235,232,228,229,219,195,188,189,185,194,216,227,225,231,233,236,238,239,241,243,246,247,251,252,252,253,253,255,255,255,251,251,253,255,255,255,253,245,217,177,129,89,60,37
21,26,39,64,90,130,175,218,244,254,252,255,255,255,255,254,255,255,255,253,251,247,245,245,243,240,238,237,236,234,231,233,228,228,224,220,222,212,190,180,185,180,184,207,221,221,225,228,230,231,231,232,234,238,239,242,245,247,248,251,253,255,255,252,250,252,252,255,255,255,244,210,173,126,86,57,36
21,26,39,63,88,126,171,213,242,252,251,255,255,255,255,255,255,255,255,252,247,244,242,240,237,234,231,231,228,226,223,226,222,222,219,214,216,207,183,176,178,176,180,202,214,216,218,223,225,225,226,228,229,231,232,235,237,242,243,246,249,252,254,251,249,251,251,255,255,254,243,209,172,125,85,57,35
20,24,37,60,85,123,167,208,236,251,250,254,255,253,255,255,255,255,252,248,243,240,237,233,229,225,222,221,220,216,214,218,213,215,212,206,208,199,175,169,173,169,173,193,208,209,212,213,214,215,215,218,220,223,224,226,228,232,235,238,241,247,249,250,250,252,252,255,255,253,241,207,170,124,85,55,35
20,23,35,57,79,116,161,202,233,250,250,255,255,253,255,255,255,252,248,242,237,234,231,226,223,218,216,215,213,211,208,210,206,208,204,199,201,192,168,164,167,164,167,188,201,200,204,205,207,207,208,210,212,214,215,216,219,223,226,231,235,241,244,249,249,251,252,255,255,251,239,203,167,122,83,54,32
19,22,33,53,74,110,153,196,229,249,251,255,255,253,255,254,252,247,243,236,231,227,223,220,216,213,210,209,207,204,202,205,201,201,198,192,195,186,162,159,161,158,162,183,195,194,195,197,197,197,198,201,203,206,209,208,211,215,218,223,227,233,237,246,249,252,253,255,255,248,235,198,162,117,80,52,31
18,22,32,50,69,104,147,188,224,247,251,255,255,254,255,250,247,243,236,230,225,220,217,215,211,206,204,203,200,197,195,198,195,195,191,187,189,179,157,153,157,152,155,177,190,189,190,190,188,190,191,193,195,197,200,200,205,208,212,215,220,225,230,239,245,250,253,255,255,243,229,193,158,113,78,50,28
18,21,31,48,66,100,141,180,219,244,249,255,255,253,255,247,243,238,231,225,220,216,212,208,204,199,195,194,192,189,188,193,190,191,187,182,185,175,152,147,151,146,150,172,184,184,184,183,182,183,184,187,188,191,192,193,197,201,206,208,213,217,222,231,239,246,251,254,252,237,221,189,154,110,75,48,27
17,20,27,44,62,95,137,173,214,241,250,255,255,252,254,241,237,233,226,219,215,211,209,202,196,192,190,188,185,182,180,187,184,185,182,176,179,169,147,142,146,141,146,166,178,179,178,176,175,176,177,180,182,183,185,188,191,195,200,203,206,210,216,223,232,240,248,252,247,232,213,183,149,105,71,45,25
13,19,28,32,49,84,124,164,199,232,246,250,252,252,243,233,226,220,214,212,209,205,199,192,188,185,182,182,180,177,174,173,175,173,168,169,169,158,146,136,136,142,149,160,167,169,168,165,167,169,170,169,169,170,173,177,181,187,191,194,199,204,207,213,220,230,237,243,239,224,205,169,134,94,63,39,23
13,19,25,29,44,81,118,157,193,226,242,246,248,246,238,223,217,210,205,202,199,195,189,186,183,179,178,178,174,172,168,167,169,167,163,163,163,153,142,133,133,138,145,156,162,165,163,161,163,165,165,164,164,165,167,169,173,180,183,188,193,197,200,204,211,221,230,236,234,219,198,163,129,88,58,38,22
12,16,24,29,42,75,111,150,185,217,233,238,242,240,230,221,213,206,202,199,196,191,186,181,178,174,172,172,169,167,164,162,163,161,160,159,156,148,138,131,131,135,141,149,155,158,159,157,159,160,160,159,159,160,163,162,166,172,176,179,184,190,193,196,203,214,222,229,226,211,191,157,122,84,55,34,21
12,16,22,27,39,70,103,141,175,209,224,232,236,232,224,216,208,201,196,194,189,185,180,176,172,168,165,165,163,161,157,156,155,157,156,155,151,143,136,131,132,135,139,144,149,154,155,153,155,156,155,154,154,156,158,158,161,167,170,174,177,182,187,190,198,208,216,222,220,205,184,149,116,80,52,32,19
11,14,22,25,36,62,94,132,165,198,215,224,229,225,215,206,199,192,185,183,180,174,168,169,165,161,159,157,156,155,153,151,149,151,151,150,145,140,137,134,135,136,138,141,144,149,151,150,151,152,150,149,149,152,152,153,157,161,164,167,170,175,180,184,194,202,210,216,212,198,177,141,109,73,47,29,15
10,13,19,22,31,56,85,124,155,188,205,216,222,218,207,201,193,186,180,178,175,168,163,163,159,155,151,150,149,148,147,146,141,141,145,144,140,138,140,138,138,139,138,138,138,141,146,146,147,147,145,143,143,146,148,149,151,156,158,160,163,168,173,178,188,197,205,209,204,188,168,131,100,67,42,26,14
10,11,17,21,27,50,78,113,144,177,196,207,214,210,198,196,190,182,177,172,168,162,157,157,152,147,144,144,142,142,140,138,134,134,137,136,132,135,140,140,140,140,135,133,132,135,139,141,142,142,140,138,138,140,141,143,145,147,149,151,155,159,163,172,182,191,195,199,194,176,155,119,90,59,37,23,15
10,11,16,18,25,45,70,107,137,169,187,200,208,203,192,188,181,173,168,164,159,154,148,152,148,142,138,137,137,135,134,133,128,127,132,131,129,134,141,141,139,138,134,129,127,130,135,137,138,138,135,133,133,135,137,135,137,140,142,145,148,151,157,167,175,184,187,191,183,166,145,110,81,53,32,23,15
14,14,14,12,19,40,63,93,123,159,182,190,194,192,189,181,173,165,163,159,150,146,146,145,137,135,137,135,130,127,128,128,122,120,122,125,125,127,131,136,138,137,130,125,126,126,126,126,134,136,133,126,123,127,132,128,130,133,138,141,145,146,150,160,168,174,179,179,173,157,135,102,75,48,31,22,15
11,10,11,9,16,35,57,83,115,150,171,181,184,184,181,174,167,161,157,154,147,142,141,140,134,130,132,131,124,121,123,122,118,118,122,123,122,122,125,122,125,123,116,113,115,116,117,124,128,130,127,123,121,124,125,123,125,128,133,137,140,143,146,156,163,170,172,172,167,149,128,95,70,43,28,19,14
10,8,9,8,14,30,50,74,103,138,160,171,176,175,172,168,161,155,152,147,140,136,136,133,127,124,124,124,119,117,115,115,112,114,118,119,116,116,119,119,121,118,112,108,110,112,113,119,120,120,119,117,117,117,118,118,120,122,126,132,135,138,140,149,157,162,164,165,156,138,117,86,62,36,24,17,12
7,7,7,6,11,25,44,66,94,127,148,162,168,168,167,162,154,149,147,142,135,132,131,128,124,119,118,117,114,112,110,110,108,109,112,114,112,116,121,128,129,125,116,110,110,111,112,114,114,111,112,114,113,112,110,113,114,118,122,127,130,134,137,145,152,156,158,157,149,130,108,76,53,31,19,15,11
8,6,7,7,11,22,38,59,86,117,138,154,161,162,161,156,149,143,141,138,130,126,126,121,119,115,111,111,110,109,106,106,103,104,107,109,110,118,126,134,133,127,114,107,105,104,103,109,108,104,105,108,110,108,105,109,111,114,117,123,127,132,134,141,146,150,152,149,140,121,99,68,45,25,16,14,11
7,5,7,7,9,19,33,51,78,107,130,145,156,157,154,151,144,138,135,132,126,122,121,116,114,110,105,104,106,105,100,101,98,100,103,103,107,116,128,135,133,126,112,104,101,101,97,104,101,100,100,103,105,103,101,106,106,108,113,118,123,128,132,136,142,146,146,143,132,112,91,60,40,21,14,12,9
6,4,6,6,7,16,28,44,69,96,119,136,147,150,147,146,139,134,131,128,122,118,117,112,111,107,100,98,101,100,95,96,95,98,100,100,103,111,123,128,126,120,107,98,98,98,97,95,94,94,95,96,97,97,96,100,101,103,108,113,118,124,128,132,136,140,138,136,125,105,83,54,35,20,14,12,10
4,2,5,5,5,11,22,36,59,86,108,126,138,142,141,140,134,128,126,123,116,112,110,106,106,102,93,93,97,98,91,89,88,92,96,96,96,102,112,112,111,105,94,87,88,90,91,88,91,91,89,90,90,92,93,96,97,99,103,108,114,120,123,129,133,136,134,129,119,98,78,52,33,19,14,13,10
7,4,4,5,6,9,14,27,45,71,91,109,120,128,131,127,128,125,122,115,110,104,99,93,92,91,91,90,89,90,87,73,75,79,75,76,81,90,96,93,87,86,87,82,73,71,76,87,85,81,81,84,86,86,84,91,95,98,102,104,108,113,119,132,131,130,129,123,108,86,68,44,28,15,12,10,9
7,7,5,5,6,8,12,19,34,56,80,102,117,125,130,124,123,121,115,110,103,98,94,88,88,87,87,86,86,86,81,67,69,71,68,69,76,83,86,83,80,77,80,75,68,63,69,79,80,79,80,82,81,81,83,86,89,94,96,99,102,107,113,126,128,126,124,116,100,78,60,41,26,14,12,12,9
8,7,5,4,5,7,10,16,28,46,70,94,110,118,122,122,120,117,109,102,95,92,89,86,85,83,83,81,79,80,74,65,65,65,63,66,73,77,77,78,74,75,74,72,65,63,67,72,75,78,78,77,77,79,80,79,83,87,89,92,95,100,107,117,120,118,116,107,90,69,50,37,24,14,11,10,7
9,8,5,4,4,6,8,19,27,39,61,84,99,107,110,119,118,111,105,97,91,88,84,83,80,79,76,74,72,70,69,62,62,60,59,62,69,71,69,72,72,73,72,71,67,64,65,66,72,75,76,74,73,75,77,73,77,80,84,86,89,95,101,110,112,111,108,97,79,60,43,31,20,12,11,8,7
9,8,5,4,4,6,8,19,23,34,53,74,91,99,102,115,116,109,101,94,87,84,81,78,76,74,72,67,65,64,63,60,60,58,56,60,65,66,64,68,70,72,72,72,69,67,64,64,68,72,73,69,69,70,73,69,72,75,79,83,85,90,95,104,105,104,99,87,69,51,35,26,15,10,9,8,4
9,7,5,5,5,7,9,15,20,28,44,65,81,93,100,110,110,105,98,91,86,80,78,74,72,69,66,62,61,59,58,56,59,59,56,56,61,62,62,65,71,74,73,73,73,71,64,64,63,65,66,64,64,65,66,64,67,72,74,76,80,84,90,99,100,96,88,76,59,42,29,19,12,7,8,5,3
8,7,5,6,7,8,11,13,18,26,37,54,69,83,93,102,104,100,95,89,84,77,73,71,67,64,62,60,56,55,55,53,59,61,57,55,58,61,61,63,70,74,73,73,76,73,64,62,57,56,56,58,59,59,59,59,62,66,68,71,74,79,84,91,92,87,78,65,48,33,24,14,8,6,6,5,1
7,6,7,6,7,9,11,15,19,27,35,44,58,71,83,95,97,94,91,87,79,74,69,66,63,61,58,56,53,52,52,49,58,61,57,54,56,61,63,62,72,75,73,75,77,75,63,60,52,48,48,52,54,53,51,54,56,61,64,66,70,75,78,86,85,80,70,54,40,28,19,12,6,4,6,4,1
8,7,8,6,7,7,9,12,17,23,29,38,49,62,75,86,89,87,86,83,76,73,69,58,53,51,52,51,45,39,39,44,43,48,54,58,59,60,66,61,71,69,67,75,78,72,67,60,51,48,47,47,47,45,42,46,51,59,62,61,62,67,72,74,72,66,55,42,32,26,22,6,5,5,5,6,5
8,7,8,6,6,7,9,10,14,17,23,31,42,53,65,77,80,80,78,75,70,65,61,58,51,47,49,46,41,36,36,40,44,50,57,58,58,67,76,64,77,80,78,83,80,71,65,56,48,43,42,43,42,42,41,43,48,53,56,57,59,65,68,67,64,58,46,34,24,18,15,5,5,5,5,6,8
8,7,6,6,6,6,9,7,10,13,18,23,33,43,55,71,77,77,76,72,69,63,60,58,51,45,46,43,36,33,34,34,39,51,56,58,60,74,88,69,81,84,78,81,77,68,64,53,43,39,37,37,38,39,39,40,45,48,50,52,57,62,67,63,59,53,43,31,22,17,13,5,5,5,6,7,8
7,7,7,5,6,6,6,6,8,11,13,17,25,33,44,62,71,73,71,68,67,62,57,57,49,44,41,38,33,30,32,30,36,47,57,63,68,82,96,91,99,93,86,91,90,81,74,49,41,37,34,34,36,39,40,40,42,45,46,50,54,62,63,59,54,47,38,28,20,13,9,5,5,6,7,9,10
7,6,7,7,7,6,6,7,9,10,12,15,19,26,35,48,59,62,60,59,60,57,49,56,47,41,38,35,32,30,31,29,30,42,58,73,83,95,108,103,107,99,94,102,97,78,66,46,40,37,32,31,33,37,40,40,42,44,46,50,54,59,60,49,42,36,28,20,13,7,3,4,5,6,9,10,11
7,6,6,7,7,5,5,9,10,12,11,11,16,20,28,38,51,56,54,55,59,56,47,51,44,39,37,35,29,29,29,28,28,38,56,76,93,109,122,120,126,121,117,118,104,74,55,42,38,35,32,31,33,36,40,40,40,43,45,48,53,57,55,44,36,29,24,18,12,7,2,3,4,7,9,11,11
7,7,7,6,7,5,5,9,9,11,10,10,12,15,22,32,47,53,51,53,61,58,50,48,40,36,35,35,30,30,28,24,23,31,47,68,90,117,137,154,163,155,140,128,106,77,60,37,35,33,32,29,30,33,38,39,39,42,45,48,51,53,50,40,34,26,21,18,13,7,3,2,2,6,7,10,11
5,5,6,6,7,7,7,11,11,11,10,9,9,12,18,23,36,44,42,47,55,54,44,44,38,34,35,34,30,29,28,19,17,24,35,49,73,107,136,147,156,143,118,94,69,46,40,31,30,32,30,28,28,31,35,36,37,39,41,43,45,44,40,32,23,17,14,11,9,4,0,1,2,5,7,9,9
2,2,5,5,7,7,7,6,6,7,7,9,8,9,11,17,24,30,37,42,44,44,44,37,35,33,30,25,22,22,23,19,20,24,26,29,39,62,84,99,99,90,73,55,42,38,36,32,29,28,28,27,29,30,31,33,35,38,39,39,35,33,28,15,10,8,8,8,8,5,4,5,5,7,7,8,8
1,3,3,6,7,9,9,9,9,8,8,8,7,6,8,12,17,23,30,36,39,41,41,40,39,34,30,23,19,18,20,17,17,17,18,15,18,34,49,59,60,59,50,39,32,32,33,26,24,24,25,26,28,29,30,32,33,34,34,31,28,25,21,10,7,5,5,7,6,5,3,5,5,7,7,7,7
2,3,3,7,7,9,9,10,10,8,8,8,6,5,6,9,12,18,23,30,35,38,39,40,38,34,27,21,19,18,20,19,17,17,18,17,17,24,34,37,41,43,40,33,29,29,30,22,22,21,23,25,27,29,30,31,31,30,30,26,23,21,16,8,5,5,5,6,5,5,3,5,5,7,7,7,7
2,3,4,7,7,10,10,12,11,9,7,7,4,3,3,6,9,14,18,25,32,36,37,34,34,31,26,20,20,20,24,20,17,16,20,22,21,26,32,35,39,41,37,31,25,21,20,18,19,19,22,25,26,29,30,28,29,28,26,23,18,16,13,7,4,3,4,5,5,4,3,4,5,7,7,7,7
2,4,4,7,8,10,10,12,11,9,7,6,4,2,2,6,8,11,15,21,27,31,35,32,30,28,24,20,18,20,22,19,14,11,13,18,19,23,29,32,34,35,33,25,19,13,11,16,18,20,22,24,27,28,28,27,25,24,23,19,16,14,10,6,4,3,3,4,5,4,3,7,7,7,7,8,8
3,4,4,8,8,10,11,11,11,8,7,6,4,2,2,4,5,9,12,18,22,26,28,30,31,28,24,17,14,13,16,22,17,13,14,15,16,19,26,22,25,29,27,24,20,15,13,15,18,20,22,24,25,25,25,23,22,21,18,16,12,10,9,5,4,3,3,5,5,5,4,7,7,7,7,8,8
3,4,5,8,8,11,11,10,10,7,6,6,4,3,3,1,2,5,9,12,16,19,20,25,26,25,22,17,12,10,11,20,18,17,17,16,15,18,24,19,22,24,24,23,20,16,14,13,15,17,21,22,22,22,22,16,16,15,12,11,9,8,7,6,4,4,5,6,7,8,7,7,7,8,8,8,8
3,4,5,9,9,11,11,9,9,7,6,6,4,3,3,0,0,3,6,9,11,14,14,17,20,21,20,16,13,10,12,12,12,15,16,13,10,15,21,19,20,20,18,17,12,7,5,10,15,17,18,19,18,18,16,13,10,10,9,7,7,6,6,6,4,4,5,7,8,9,7,7,7,8,8,8,8
3,4,5,8,9,11,11,11,11,9,8,7,4,2,1,2,2,4,6,7,9,10,12,14,11,10,11,15,16,13,12,18,19,17,17,14,13,14,16,18,16,16,17,14,7,2,7,14,18,20,22,21,17,16,12,13,10,7,5,4,5,6,7,5,5,5,5,7,7,7,7,7,8,8,9,11,10
3,4,5,8,9,11,11,9,9,8,8,8,6,4,4,2,2,4,4,6,7,10,10,9,9,8,10,12,13,13,13,17,17,15,13,11,11,11,12,16,16,16,18,13,8,3,6,12,17,19,19,17,15,12,9,10,8,6,4,3,4,5,6,5,5,5,5,7,7,7,7,7,8,8,9,11,10
3,5,5,8,8,11,11,7,8,7,7,8,7,5,5,3,3,5,5,6,7,7,7,4,6,9,11,11,11,12,15,16,16,14,11,8,8,7,10,16,16,16,17,14,9,4,9,13,15,17,17,14,12,9,6,7,6,4,2,2,2,4,5,7,7,7,7,7,7,8,8,7,8,10,11,11,10
4,5,5,8,8,10,10,8,9,8,8,8,6,5,4,3,4,4,5,5,6,6,7,2,6,10,11,10,10,13,19,16,14,12,10,7,7,6,9,16,14,16,17,14,9,6,10,13,17,18,16,15,10,8,5,7,6,4,3,3,3,4,5,7,7,7,7,7,7,8,8,7,8,10,11,11,10
4,5,5,8,8,10,10,10,11,9,8,8,5,3,2,4,6,6,7,5,5,5,6,3,7,11,12,12,12,15,18,17,15,13,9,6,6,7,8,13,13,15,16,15,9,6,11,15,18,18,16,14,9,7,5,7,6,6,5,6,5,7,7,7,7,7,7,8,8,8,8,9,10,10,11,12,11
