R,G,B
4,2,5
4,2,5
4,3,5
4,2,5
4,2,5
4,2,5
4,2,5
4,2,5
3,1,2
3,1,2
3,1,2
3,1,2
2,1,2
3,1,2
3,1,2
3,1,3
4,2,3
4,2,3
4,2,3
4,2,3
4,2,3
4,2,3
4,2,3
4,2,3
3,1,2
3,1,2
3,1,2
4,2,3
4,2,3
5,3,4
5,3,4
5,3,4
3,1,2
3,1,2
3,1,2
3,1,2
3,1,2
3,1,2
3,1,2
3,1,2
4,2,3
4,2,3
4,2,3
4,2,3
4,2,3
4,2,3
4,2,3
4,2,3
3,1,2
3,1,2
3,1,2
3,1,2
3,1,2
3,1,2
3,1,2
3,1,2
4,2,5
4,2,5
4,2,5
4,2,5
4,2,5
4,2,5
4,2,5
4,2,5
5,3,6
6,4,7
6,4,7
5,3,6
3,1,4
2,0,3
3,1,4
4,2,5
3,1,2
4,2,3
4,2,3
4,2,3
4,2,3
4,2,3
4,2,3
4,2,3
5,3,4
5,2,4
5,3,4
4,2,3
4,2,3
3,1,2
3,1,2
3,1,2
3,1,2
3,1,2
3,1,2
3,1,2
3,1,2
3,1,2
3,1,2
3,1,2
3,1,2
3,1,2
3,1,2
4,2,3
4,2,3
5,3,4
5,3,4
5,3,4
5,1,2
5,1,2
5,1,2
5,1,2
6,2,3
6,2,3
7,3,4
8,4,5
8,4,5
8,4,5
8,4,5
8,4,5
8,4,5
8,4,5
8,4,5
8,4,5
8,3,7
8,3,7
8,3,7
7,2,6
7,2,6
7,3,6
7,2,6
7,2,6
4,0,3
6,1,5
8,3,7
7,2,6
5,0,4
4,0,3
6,1,5
8,3,7
5,3,4
5,3,4
5,3,4
5,3,4
5,3,4
5,3,4
5,3,4
5,3,4
5,3,4
5,3,4
5,3,4
4,2,3
4,2,3
3,1,2
3,1,2
3,1,2
3,1,2
3,1,2
3,1,2
3,1,2
3,1,2
3,1,2
3,1,2
3,1,2
3,1,2
3,1,2
3,1,2
4,2,3
4,2,3
5,3,4
5,3,4
4,2,5
4,2,5
4,2,5
4,2,5
4,2,5
4,2,5
4,2,5
4,2,5
3,1,3
3,1,2
3,1,2
3,1,2
3,1,2
3,1,2
3,1,2
3,1,2
4,2,3
4,2,3
4,2,3
4,2,3
4,2,3
4,2,3
4,2,3
5,2,3
3,0,2
3,1,2
3,1,2
4,2,3
4,2,3
5,3,4
5,3,4
5,3,4
3,1,2
3,1,2
3,1,2
3,1,2
3,1,2
3,1,2
3,1,2
3,1,2
4,2,3
4,2,3
4,2,3
4,2,3
4,2,3
4,2,3
4,2,3
4,2,3
3,1,2
3,1,2
3,1,2
3,1,2
3,1,2
3,1,2
3,1,2
3,1,2
4,2,3
4,2,3
4,2,3
4,2,3
4,2,3
4,2,3
4,2,3
4,2,3
5,3,5
8,4,5
9,5,6
8,4,5
6,2,3
5,1,2
5,1,2
6,2,3
3,1,2
3,1,2
3,1,2
3,1,2
3,1,2
3,1,2
4,2,3
4,2,3
5,3,4
4,3,4
5,3,4
5,2,3
4,2,3
3,1,2
3,1,2
3,1,2
5,1,2
5,1,2
5,1,2
3,1,4
3,1,4
3,1,4
3,1,4
3,1,4
3,1,4
3,1,4
3,1,4
6,1,5
6,1,5
7,3,4
7,3,4
7,3,4
4,2,5
3,1,4
2,0,3
2,0,3
5,0,4
6,1,5
8,4,5
9,5,6
9,5,6
9,5,6
9,5,6
9,5,4
9,5,4
9,5,4
9,5,4
9,5,6
10,4,6
10,4,6
10,4,6
9,3,5
8,2,4
8,2,4
7,1,3
7,1,3
5,0,1
7,1,3
9,3,5
8,2,6
6,0,4
4,0,3
6,1,5
8,3,7
4,2,5
4,2,3
4,2,3
4,2,3
4,2,3
6,2,3
6,2,3
6,2,3
7,3,4
5,3,4
5,3,4
4,2,3
4,2,3
3,1,2
3,1,2
3,1,2
3,1,3
3,1,2
3,1,2
3,1,2
3,1,4
3,1,4
3,1,4
3,1,4
3,1,4
2,2,4
2,2,2
3,3,3
3,3,3
4,4,4
4,4,4
5,3,6
5,3,6
4,2,5
4,2,5
3,1,4
2,0,3
2,0,3
2,0,3
2,0,1
2,0,1
2,0,1
2,0,1
2,0,1
2,0,1
2,0,1
2,0,1
2,0,1
2,0,1
3,1,2
3,1,2
3,1,2
4,2,3
4,2,3
4,2,3
4,2,3
4,2,3
4,2,3
4,2,3
4,2,3
4,2,3
4,2,3
4,2,3
3,1,2
3,1,2
3,1,2
3,1,2
3,1,2
3,1,2
3,1,2
3,1,2
1,0,0
3,1,2
5,3,4
6,4,5
6,5,5
4,2,3
2,0,1
1,0,0
1,0,0
4,2,3
6,4,5
6,4,5
5,3,4
3,1,2
3,1,2
3,1,2
3,2,0
3,2,0
3,3,0
3,2,0
5,1,0
4,1,0
5,1,0
5,1,0
4,0,0
6,0,0
8,2,2
9,3,3
9,3,3
8,2,2
6,0,0
5,0,0
5,1,2
3,1,2
3,1,2
3,1,2
3,1,2
3,1,2
3,1,2
3,1,2
3,1,2
3,1,2
3,1,2
3,1,2
3,1,2
3,1,2
3,1,2
5,1,2
4,0,2
4,0,2
5,0,3
5,0,6
3,0,7
2,0,6
0,0,7
0,0,7
4,3,11
3,0,9
6,1,8
9,2,10
11,1,9
9,0,5
11,0,6
12,3,8
4,3,8
2,3,8
1,2,7
3,2,8
5,3,8
8,3,9
7,2,6
7,1,5
9,3,5
10,4,7
10,4,4
9,4,1
6,2,0
6,2,0
5,4,0
8,4,1
10,1,2
11,1,2
12,0,2
13,1,3
13,1,1
15,1,1
16,2,1
16,2,1
14,0,0
13,1,1
13,3,4
14,3,7
14,5,10
11,5,9
9,2,9
7,2,8
6,4,9
4,2,7
6,1,7
8,3,8
8,3,9
7,1,5
7,1,5
9,3,7
8,2,6
7,2,6
7,3,4
4,2,3
4,2,3
3,3,3
5,5,5
7,7,7
4,4,4
3,3,3
2,2,4
1,1,3
1,0,5
1,0,5
2,1,6
2,1,6
4,3,8
3,2,7
2,2,4
2,2,4
2,2,2
2,3,2
3,3,1
4,2,5
4,2,5
4,2,5
4,2,5
4,2,5
3,1,4
3,1,4
3,1,4
2,0,1
2,0,1
2,0,1
2,0,1
2,0,1
2,0,1
2,0,1
2,0,1
3,1,2
3,1,2
3,1,2
3,1,2
4,2,3
4,2,3
5,3,4
5,3,4
4,2,3
4,2,3
4,2,3
4,2,3
4,2,3
4,2,3
4,2,3
4,2,3
3,1,2
3,1,2
3,1,2
3,1,2
3,1,2
3,1,2
3,1,2
3,1,2
1,0,0
2,0,1
4,2,3
6,4,5
6,4,5
5,3,4
3,1,2
2,0,1
2,0,1
4,2,3
6,4,5
6,4,5
5,3,4
3,1,2
3,1,2
4,2,3
4,3,1
4,3,0
4,3,0
4,3,0
6,2,0
6,2,0
6,2,0
6,2,0
6,1,0
6,1,0
10,2,0
10,2,0
10,2,0
10,2,0
8,0,0
6,0,0
5,1,2
3,1,2
3,1,2
3,1,2
3,1,2
3,1,2
3,1,2
3,1,2
3,0,2
3,1,2
3,0,2
3,1,2
3,1,2
3,1,2
3,1,2
3,1,2
3,0,2
5,0,3
5,0,6
6,1,7
4,1,8
2,1,9
1,0,8
0,0,7
6,5,13
5,2,11
7,2,9
12,2,10
13,2,8
12,0,4
14,0,4
14,2,6
6,1,5
3,1,6
6,1,7
8,2,6
11,2,7
14,3,7
15,3,5
17,3,2
15,1,0
16,2,0
17,4,0
17,4,0
14,4,0
13,3,0
14,5,0
16,6,0
17,2,0
20,1,0
20,1,0
22,1,0
23,1,0
24,1,0
25,2,0
25,2,0
23,0,1
21,0,0
21,2,0
20,2,0
18,2,2
16,2,2
16,1,4
13,1,5
12,3,4
10,1,2
10,1,2
13,3,4
13,3,4
11,0,1
11,0,1
13,1,3
11,1,2
12,2,3
10,1,2
7,1,1
6,2,1
4,3,1
6,5,3
6,6,4
4,4,4
4,4,4
3,3,3
2,2,4
2,1,6
2,1,7
3,2,8
4,3,9
4,3,9
3,4,8
2,3,5
1,3,2
1,3,2
2,4,1
3,5,0
4,2,5
4,2,5
4,2,5
4,2,5
4,2,5
5,3,6
5,3,6
5,3,6
2,0,1
2,0,1
2,0,1
2,0,1
2,0,1
2,0,1
2,0,1
2,0,1
3,1,2
3,1,2
4,2,3
4,2,3
5,3,4
5,3,4
5,3,4
5,3,4
4,2,3
4,2,3
4,2,3
4,2,3
4,2,3
4,2,3
4,2,3
4,2,3
3,1,2
3,1,2
3,1,3
3,1,2
3,1,2
3,1,2
3,1,2
3,1,2
1,0,0
2,0,1
4,2,3
6,4,5
7,5,6
6,4,5
5,3,4
4,3,3
2,0,1
4,2,3
6,4,5
6,4,5
4,2,3
3,1,2
3,1,2
4,2,3
4,3,1
4,3,1
4,3,1
4,3,1
6,2,1
6,2,1
6,2,1
6,2,1
6,0,0
7,1,1
7,1,1
8,2,2
10,1,2
9,0,1
9,0,1
6,0,0
5,1,2
3,1,2
3,1,2
3,1,2
3,1,2
3,1,2
3,1,2
3,1,2
3,1,2
3,1,2
3,1,2
3,1,2
3,1,2
3,1,2
3,1,2
3,1,2
3,1,4
3,1,4
3,2,7
3,2,7
2,3,8
2,3,8
1,2,7
0,1,6
6,5,10
5,3,8
8,2,6
12,3,6
15,3,5
14,0,0
15,0,0
18,2,2
12,0,0
13,0,0
15,0,0
19,1,0
24,3,2
28,4,2
30,6,2
34,7,2
29,2,0
31,4,0
33,6,0
34,8,0
34,8,0
34,8,0
34,11,0
38,12,0
37,8,0
39,7,0
39,7,0
41,8,0
41,8,0
43,7,0
44,8,0
44,8,0
42,6,0
40,6,0
38,6,0
35,5,0
33,4,0
32,5,0
32,4,0
29,6,0
26,7,0
23,6,0
22,5,0
25,6,0
24,5,0
21,2,0
21,2,0
23,4,0
21,3,1
18,3,0
16,2,0
13,2,0
11,1,0
11,3,0
10,5,2
9,5,2
8,4,3
7,3,4
6,2,3
6,1,5
6,1,4
4,2,7
5,3,8
6,4,9
6,4,9
5,3,8
4,2,5
2,2,2
2,2,0
3,4,0
4,5,0
3,1,4
3,1,4
4,2,5
4,2,5
5,3,6
6,4,7
6,4,7
6,4,7
3,1,2
3,1,2
3,1,2
3,1,2
3,1,2
3,1,2
3,1,2
3,1,2
4,2,3
4,2,3
4,2,3
5,3,4
5,3,4
5,3,4
6,5,5
6,4,5
4,2,3
4,2,3
4,2,3
4,2,3
4,2,3
4,2,3
4,2,3
4,2,3
3,1,2
3,1,2
3,1,2
3,1,2
3,1,2
3,1,2
3,1,2
3,1,2
0,0,0
2,0,1
4,2,3
6,4,5
7,5,6
7,5,6
6,4,5
6,4,5
3,1,2
4,2,3
5,3,4
5,3,4
4,2,3
3,1,2
4,2,3
5,3,4
5,4,2
5,4,2
5,4,2
5,5,2
7,3,2
7,3,2
7,3,2
7,3,2
7,1,1
7,1,1
7,1,1
7,1,1
9,0,1
9,0,1
9,0,1
7,1,1
5,1,2
3,1,2
3,1,2
3,1,2
3,1,2
3,1,2
3,1,2
3,1,2
3,1,2
3,1,2
3,1,2
3,1,2
3,0,2
3,1,2
3,1,2
3,1,2
2,2,4
1,2,4
1,2,6
2,3,7
0,4,7
0,2,6
1,2,6
2,2,4
7,5,6
7,3,2
10,2,0
15,4,0
18,3,0
19,2,0
20,1,0
25,2,0
23,0,0
28,0,0
33,3,0
38,5,0
42,8,0
48,10,0
52,12,0
56,14,0
53,10,0
56,13,0
60,18,0
62,20,0
63,21,0
65,24,0
67,26,0
69,28,0
69,25,0
70,24,0
71,24,0
72,25,0
72,25,0
75,25,0
75,25,0
75,25,0
74,24,0
70,23,0
67,21,0
64,19,0
60,18,0
59,18,0
60,19,1
57,20,2
51,20,0
45,18,0
45,16,0
45,16,0
44,15,0
40,11,0
38,8,0
39,10,0
35,8,0
31,6,0
28,5,0
23,4,0
22,5,0
20,5,0
18,5,0
15,6,1
11,2,1
9,4,1
8,2,2
7,1,3
7,1,3
7,2,6
8,3,7
8,3,7
8,3,7
5,3,6
4,2,3
4,3,1
4,3,0
3,4,0
4,5,0
3,1,4
3,1,4
4,2,5
4,2,5
5,3,6
6,4,7
6,4,7
6,4,7
3,1,2
3,1,2
3,1,2
3,1,2
3,1,2
3,1,2
3,1,2
3,1,2
4,2,3
4,2,3
4,2,3
5,3,4
5,3,4
5,3,4
6,4,5
6,4,5
4,2,3
4,2,3
4,2,3
4,2,3
4,2,3
4,2,3
4,2,3
4,2,3
3,1,2
3,1,2
3,1,2
3,1,2
3,1,2
3,1,2
3,1,2
3,1,2
1,0,0
2,0,1
4,2,3
5,3,4
6,4,5
7,5,6
7,5,6
7,5,6
3,1,2
4,2,3
5,3,4
4,2,3
3,1,2
3,1,2
4,2,3
5,3,4
4,4,2
4,4,2
5,4,2
5,4,2
5,4,2
5,4,2
7,3,2
7,3,2
6,2,1
6,2,1
7,1,1
7,1,1
7,1,1
7,1,1
9,0,1
7,1,1
5,1,2
3,1,2
3,1,2
3,1,2
3,1,2
3,1,2
3,1,2
3,1,2
3,1,2
3,1,2
3,1,2
3,1,2
3,1,2
3,1,2
3,1,2
2,2,2
1,2,4
0,3,4
0,3,4
0,3,4
1,2,4
2,4,3
3,3,3
5,4,2
10,5,1
12,3,0
16,3,0
23,6,0
27,7,0
28,6,0
33,7,0
38,9,0
45,6,0
52,9,0
58,13,0
64,16,0
69,18,0
76,21,0
82,26,1
89,29,3
89,28,0
93,32,1
99,36,1
103,41,4
105,43,4
107,45,4
109,48,4
111,50,6
113,52,8
114,51,8
114,51,8
116,51,9
116,51,9
116,52,8
117,53,9
117,52,10
115,50,8
113,48,8
109,45,7
105,43,6
100,41,5
99,40,8
99,40,10
95,42,10
86,40,7
80,37,3
78,35,3
77,33,4
73,29,2
66,24,0
63,21,0
63,22,4
56,17,2
51,15,1
44,12,1
38,10,0
37,10,1
33,11,2
28,8,1
24,7,0
15,4,0
12,4,1
11,3,1
10,2,0
10,1,2
8,2,4
9,3,5
9,3,7
9,3,7
9,3,5
8,2,4
6,2,1
6,2,0
7,4,0
8,5,0
4,2,5
4,2,5
4,2,5
4,2,5
4,2,5
5,3,6
5,3,6
5,3,6
4,2,3
4,2,3
4,2,3
4,2,3
4,2,3
4,2,3
4,2,3
4,2,3
3,1,2
3,1,2
4,2,3
4,2,3
5,3,4
5,3,4
5,3,4
5,3,4
4,2,3
4,2,3
4,2,3
4,2,3
4,2,3
4,2,3
4,2,3
4,2,3
3,1,2
3,1,2
3,1,2
3,1,2
3,1,2
3,1,2
3,1,2
3,1,2
2,0,1
3,1,2
3,1,2
4,2,3
5,3,4
5,3,4
6,4,5
6,4,5
4,2,3
5,3,4
5,3,4
4,2,3
2,0,1
2,0,1
4,2,3
6,4,5
3,3,1
3,3,1
4,3,1
4,3,1
4,3,1
4,3,1
6,2,1
6,2,1
7,3,2
6,2,1
7,1,1
6,0,0
6,0,0
7,1,1
9,0,1
8,2,2
5,1,2
3,1,2
2,1,2
3,1,2
3,1,2
3,1,2
3,1,2
3,1,2
3,1,2
3,0,2
3,1,2
3,1,2
3,1,2
3,1,2
3,1,2
2,2,2
1,2,4
0,3,4
1,2,4
2,4,3
4,4,4
7,6,4
11,6,3
14,7,0
20,8,0
23,6,0
28,9,0
37,14,0
44,17,0
48,17,0
52,20,0
62,22,0
73,23,0
81,25,0
88,31,2
95,34,5
100,37,6
106,40,6
115,45,9
123,49,10
126,51,9
132,55,11
138,62,13
143,66,14
146,69,15
148,71,15
150,74,16
151,75,17
155,80,22
155,80,22
156,80,22
157,81,23
159,80,21
159,80,21
160,81,22
160,81,22
156,77,20
155,76,20
150,73,19
146,70,18
142,69,18
138,67,19
137,66,20
133,66,21
123,62,17
116,60,13
112,55,10
107,52,11
102,46,9
94,40,6
89,36,5
87,36,9
78,30,8
71,26,7
62,20,4
56,18,5
51,17,5
46,16,5
41,13,2
34,11,3
23,8,1
19,8,2
17,6,2
15,5,3
13,3,2
13,3,4
13,3,4
12,3,4
12,3,4
9,3,3
8,2,2
7,2,0
6,2,0
7,4,0
8,5,0
4,2,5
4,2,5
4,2,5
4,2,5
4,2,5
3,1,4
3,1,4
3,1,4
4,2,3
4,2,3
4,2,3
4,2,3
4,2,3
4,2,3
4,2,3
4,2,3
3,1,2
3,1,2
3,1,2
3,1,2
4,2,3
4,2,3
5,3,4
5,3,4
4,2,3
4,2,3
4,2,3
4,2,3
4,2,3
4,2,3
4,2,3
4,2,3
3,1,2
3,1,2
3,1,2
3,1,2
3,1,2
3,1,2
3,1,2
3,1,2
3,1,2
2,1,2
3,1,2
3,1,2
4,2,3
4,2,3
4,2,3
4,2,3
4,2,3
5,3,4
5,3,4
3,1,2
2,0,1
2,0,1
4,2,3
6,4,5
3,3,3
3,3,3
3,3,3
3,3,3
4,2,3
4,2,3
4,2,3
4,2,3
7,3,4
7,3,4
5,1,2
5,1,2
6,1,2
6,0,2
8,2,4
8,2,4
5,1,2
5,1,2
5,1,2
5,1,2
5,1,2
5,1,2
5,1,2
5,1,2
5,1,2
5,1,2
5,1,2
5,1,2
5,1,2
5,1,2
4,1,2
3,1,2
4,4,4
4,4,4
5,3,4
9,5,4
12,7,4
17,7,5
23,9,6
27,10,3
37,14,6
40,14,1
48,17,0
59,24,4
67,29,6
73,31,6
79,35,6
89,38,7
101,41,5
111,46,6
120,53,11
127,56,14
131,56,14
138,60,14
147,67,18
154,71,19
158,73,18
163,77,18
171,83,20
177,88,22
180,92,21
181,93,21
183,95,21
185,97,23
189,103,28
187,104,28
189,102,26
189,103,26
191,104,27
191,104,27
194,104,28
194,104,28
187,99,25
186,98,26
183,96,25
179,94,27
175,92,26
170,89,24
166,86,23
163,84,25
153,81,22
146,77,20
141,72,17
135,68,15
128,60,11
118,51,8
111,46,8
109,46,13
101,41,13
91,37,13
80,29,8
73,26,10
67,25,11
60,22,11
54,17,8
44,14,4
33,14,7
28,15,7
26,13,7
22,10,4
21,7,4
18,7,5
17,5,5
16,6,7
13,3,4
11,3,1
10,2,0
10,2,0
10,2,0
8,3,0
9,4,0
5,3,6
5,3,6
4,2,5
4,2,5
3,1,4
2,0,3
2,0,3
2,0,3
4,2,3
4,2,3
4,2,3
4,2,3
4,2,3
4,2,3
4,2,3
4,2,2
2,0,1
2,0,1
3,1,2
3,1,2
3,1,2
4,2,3
4,2,3
4,2,3
4,2,3
4,2,3
4,2,3
4,2,3
4,2,3
4,2,3
4,2,3
4,3,3
3,1,2
3,1,2
3,1,2
3,1,2
3,1,2
3,1,2
3,1,2
3,1,2
4,2,3
4,2,3
3,1,2
3,1,2
3,1,2
3,1,2
3,1,2
3,1,2
5,3,4
5,3,4
5,3,4
3,1,2
2,0,1
2,0,1
4,2,3
7,5,6
2,2,2
2,2,2
2,2,2
2,2,2
3,1,2
3,1,2
3,1,2
3,1,2
9,4,5
7,3,4
5,1,2
4,0,1
5,0,1
6,0,2
8,2,4
9,3,5
5,1,2
5,1,2
5,1,2
5,1,2
5,1,2
5,1,2
5,1,2
5,1,2
5,1,2
5,1,2
5,1,2
5,1,2
5,1,2
5,1,2
5,1,2
5,1,2
9,5,6
9,5,4
11,5,5
15,5,4
21,7,6
27,9,5
34,10,6
39,12,3
51,19,8
56,19,3
65,22,3
77,31,7
87,38,8
94,41,9
100,46,12
109,49,12
121,54,9
131,59,9
139,66,15
146,69,17
151,70,15
158,73,16
166,80,19
175,85,22
177,86,16
182,90,17
189,96,19
196,101,21
200,104,20
202,106,20
203,107,20
204,110,22
206,115,26
205,116,26
207,116,25
207,116,25
209,115,25
210,116,26
211,116,26
211,115,28
205,111,24
204,109,24
201,109,26
198,107,26
194,104,26
188,101,24
183,97,22
179,95,23
172,92,23
166,87,20
159,81,15
154,76,14
144,67,11
133,57,7
125,52,7
121,52,11
114,48,14
103,42,13
92,34,12
83,31,10
76,29,13
69,25,12
62,20,8
50,16,6
42,20,9
36,19,11
33,16,8
28,13,6
25,10,5
23,9,6
22,8,7
19,7,7
14,2,2
13,3,2
11,3,0
10,2,0
10,3,0
11,4,0
10,6,0
3,1,4
3,1,4
3,1,4
4,2,5
4,2,5
5,3,6
5,3,6
5,3,6
3,1,2
3,1,2
3,1,2
3,1,2
3,1,2
3,1,2
3,1,2
3,1,2
5,3,4
5,3,4
5,3,4
4,2,3
4,2,3
3,1,2
3,1,2
3,1,2
5,3,4
5,3,4
5,3,4
5,3,4
5,3,4
5,3,4
5,3,4
5,3,4
3,1,2
3,1,2
3,1,2
3,1,2
3,1,2
3,1,2
3,1,2
3,1,2
2,0,1
3,1,2
5,3,4
6,4,5
6,4,5
5,3,4
3,1,2
2,0,1
6,4,5
6,4,5
6,4,5
5,3,4
5,3,4
4,2,3
4,2,3
4,2,3
3,3,3
2,4,2
3,3,3
3,3,3
3,3,3
3,3,3
4,2,3
4,2,3
5,3,4
5,3,4
7,3,4
7,3,5
7,3,4
7,3,4
7,3,4
7,3,4
7,1,3
7,1,3
7,1,3
7,1,3
7,1,3
7,1,3
7,1,3
7,1,3
6,1,3
7,1,3
8,2,4
9,3,5
9,3,5
10,4,6
11,5,7
10,5,7
13,3,4
14,2,2
16,2,2
22,4,4
29,8,5
38,10,7
45,12,5
51,11,3
63,17,4
74,25,8
89,35,11
98,38,10
104,41,8
110,44,9
120,52,15
130,59,15
135,64,10
143,68,10
151,75,15
158,78,17
162,81,16
168,83,16
176,88,17
183,91,18
194,101,23
199,102,21
205,107,20
209,111,20
214,115,21
217,119,22
219,121,22
219,123,21
219,126,23
218,126,23
220,127,24
220,127,24
222,126,24
221,125,23
220,124,24
219,123,23
219,122,25
217,120,25
212,117,25
208,114,24
204,112,25
199,109,23
193,104,20
189,100,20
181,94,17
178,92,19
172,88,16
168,83,16
161,77,15
150,69,13
139,61,12
130,56,11
121,49,11
114,49,16
105,43,18
95,37,17
85,32,16
79,30,15
72,24,12
59,21,10
46,19,8
38,20,10
36,17,10
33,16,9
31,13,9
28,13,10
27,11,11
26,12,11
21,9,9
21,9,9
17,6,5
13,3,1
12,5,0
14,7,1
11,6,0
3,1,4
3,1,4
3,1,4
4,2,5
4,2,5
5,3,6
5,3,6
5,3,6
4,2,3
4,2,2
4,2,3
4,2,3
4,2,3
4,2,3
4,2,3
4,2,3
5,3,4
5,3,4
5,3,4
4,2,3
4,2,3
3,1,2
3,1,2
3,1,2
5,3,4
5,3,4
5,3,4
5,3,4
5,3,4
5,3,4
5,3,4
5,3,4
2,1,2
3,1,2
3,1,2
3,1,2
3,1,2
3,1,2
3,1,2
3,1,2
2,1,2
3,1,2
5,3,4
5,3,4
5,3,4
5,3,4
3,1,2
3,1,2
6,4,5
6,4,5
4,3,4
5,3,4
5,3,4
4,2,3
4,2,3
3,3,3
2,4,3
2,4,3
3,3,3
3,3,3
3,3,3
3,3,3
3,3,3
4,2,3
5,3,4
5,3,4
7,3,4
7,3,4
7,3,4
7,3,4
7,3,4
7,3,4
7,1,3
7,1,3
7,1,3
7,1,3
7,1,3
7,1,3
7,1,3
7,1,3
7,1,3
7,1,3
8,2,4
9,3,5
10,4,6
10,4,6
11,5,7
13,4,5
21,7,7
24,6,6
26,6,7
34,8,7
41,11,9
50,15,11
59,16,9
64,16,6
72,19,5
85,27,7
99,35,10
109,40,9
115,42,7
120,46,7
131,53,14
138,62,13
144,69,11
150,75,8
159,82,14
165,85,16
170,87,17
176,90,17
184,94,16
190,97,17
197,103,16
200,105,15
206,109,14
211,113,14
215,118,15
218,121,16
221,123,16
221,125,15
219,127,16
220,128,17
220,128,17
223,128,18
222,127,17
222,125,18
221,124,17
220,123,18
219,122,19
216,120,18
211,117,19
207,114,19
203,112,19
198,109,17
193,104,14
188,100,13
182,93,13
181,90,14
174,86,14
169,80,12
162,74,11
152,67,10
141,59,9
132,54,8
121,47,8
116,47,14
106,42,15
96,35,14
87,31,14
81,29,15
73,24,10
60,20,8
47,19,8
39,19,8
36,18,8
33,14,7
30,13,6
28,10,6
26,11,8
25,11,10
21,9,9
21,9,9
17,7,6
12,4,1
12,4,1
13,8,2
12,7,1
3,1,4
3,1,4
3,1,4
4,2,5
4,2,5
5,3,6
5,3,6
5,2,6
4,2,3
4,2,3
4,2,3
4,2,3
4,2,3
4,2,3
4,2,3
4,2,3
5,3,4
5,3,4
5,3,4
4,2,3
4,2,3
3,1,2
3,1,2
3,1,2
5,3,4
5,3,4
5,3,4
5,3,4
5,3,4
5,3,4
5,3,4
5,3,4
3,1,2
3,1,2
2,1,2
3,1,2
3,1,2
3,1,3
3,1,2
3,1,2
3,1,2
4,2,3
4,2,3
5,3,4
5,3,4
4,2,3
4,2,3
3,1,2
6,4,5
5,3,4
5,3,4
5,3,4
4,2,3
4,2,3
4,2,3
4,2,3
3,3,5
2,3,5
2,3,5
2,3,5
2,3,5
3,3,5
3,3,5
3,3,5
5,3,6
5,3,6
5,3,6
5,3,6
7,2,6
7,2,6
7,2,6
7,2,6
7,1,3
7,1,3
7,1,3
7,1,3
7,1,3
7,1,3
7,1,3
7,1,3
7,1,3
8,2,4
8,2,4
9,3,5
10,4,6
11,5,7
11,5,7
15,5,6
24,8,8
29,8,7
34,8,7
41,11,9
49,14,12
58,17,13
68,19,12
76,19,8
84,22,7
97,28,9
110,36,11
118,41,11
123,45,9
131,49,9
139,56,12
145,63,13
148,72,10
156,79,11
163,84,15
171,89,16
175,91,18
181,94,17
188,99,17
194,102,17
199,105,15
202,107,13
205,111,13
211,115,13
215,120,14
217,122,14
219,124,14
218,126,15
218,128,16
218,128,16
219,129,17
220,128,17
222,127,17
221,126,16
219,124,14
218,123,15
216,120,17
211,118,15
208,114,16
205,112,16
200,109,16
195,106,16
189,101,12
186,97,13
180,90,12
178,86,13
173,82,12
166,77,11
160,72,9
149,64,9
140,56,9
131,52,9
119,45,8
115,44,14
105,39,13
94,33,12
85,29,12
80,28,15
72,24,12
60,20,10
46,18,7
41,18,10
36,16,9
33,12,7
29,10,6
26,8,6
23,7,7
23,7,7
23,9,9
21,9,11
17,7,8
13,5,3
13,5,3
14,9,5
13,8,4
3,1,4
3,1,4
3,1,4
4,2,5
4,2,5
5,3,6
5,3,6
5,3,6
5,3,4
5,3,4
5,3,4
5,3,4
5,3,4
5,3,4
5,3,4
5,3,4
5,3,4
5,3,4
5,3,4
4,2,3
4,2,3
3,1,2
2,1,2
3,1,2
4,2,3
5,2,3
4,2,3
4,2,3
4,2,3
4,2,3
4,2,3
4,2,3
3,1,2
3,1,3
3,1,2
3,1,2
3,1,2
3,1,2
3,1,2
3,1,2
4,2,3
4,2,3
4,2,3
4,2,3
4,2,3
4,2,3
4,2,3
4,2,3
5,3,4
5,3,4
5,3,4
4,2,3
4,2,3
4,2,3
3,1,2
2,2,2
1,2,4
1,2,4
1,2,4
1,2,4
1,2,4
1,2,4
2,2,4
2,2,4
3,3,5
4,2,5
4,2,5
4,2,5
6,1,5
6,1,5
6,1,5
6,1,5
7,1,3
7,1,3
7,1,3
7,1,3
7,1,3
7,1,3
7,1,3
7,1,3
8,2,4
8,2,4
9,3,5
9,3,5
10,4,6
11,5,7
12,6,8
15,5,6
24,6,4
30,6,4
36,8,5
41,10,7
50,13,7
60,15,9
71,18,10
79,19,8
90,24,8
101,30,8
113,38,9
122,43,10
129,47,9
134,50,9
142,58,12
147,64,10
150,72,6
155,78,6
164,84,11
170,88,14
174,91,15
180,93,14
187,98,16
192,102,14
197,106,15
201,108,13
206,112,14
209,116,13
212,119,13
214,122,13
216,124,13
215,125,13
214,127,14
215,128,15
217,127,15
217,127,15
217,125,14
218,123,13
217,122,14
216,121,15
210,117,13
207,113,13
203,110,14
199,109,13
195,106,14
191,102,13
183,97,10
180,94,11
176,85,12
171,83,12
166,77,11
160,72,9
153,67,8
144,61,9
136,54,7
128,49,10
116,42,7
111,42,13
101,37,12
89,31,11
80,27,11
76,27,13
69,22,12
59,19,9
46,18,7
40,18,7
35,15,6
31,11,5
27,8,4
24,6,4
21,5,5
19,5,5
21,9,11
20,10,11
17,8,9
11,5,5
12,6,6
13,9,6
13,9,6
3,1,4
3,1,4
3,1,4
4,2,5
4,2,5
5,3,6
5,3,6
5,3,6
5,3,4
5,3,4
5,3,4
5,3,4
5,3,4
4,3,4
5,3,4
5,3,4
5,3,4
5,3,4
5,3,4
4,2,3
4,2,3
3,1,2
3,1,2
3,1,2
4,2,3
4,2,3
4,2,3
4,2,3
4,2,3
4,2,3
4,2,3
4,2,3
3,1,2
3,1,2
3,1,2
3,1,2
3,1,2
3,1,2
3,1,2
3,1,2
4,2,3
4,2,3
4,2,3
4,2,3
4,2,3
4,2,3
4,2,3
4,2,3
5,3,4
5,3,4
4,2,3
4,2,3
4,2,3
3,1,2
3,1,2
2,2,2
1,2,4
0,3,4
0,3,4
0,3,4
1,2,4
1,2,4
1,2,4
2,2,4
3,3,5
3,3,5
4,2,5
4,2,5
4,2,5
4,2,5
4,2,5
6,1,5
7,1,3
9,0,3
9,0,3
9,0,3
9,0,3
9,0,3
9,0,3
9,0,3
10,1,4
10,1,4
11,2,5
12,3,6
13,4,7
13,4,7
14,5,8
15,5,4
23,5,1
27,6,0
34,9,4
41,10,4
49,12,4
58,14,5
70,18,7
79,20,6
91,26,8
100,29,7
112,37,8
121,43,7
128,46,6
134,51,7
141,57,10
145,62,8
151,70,5
157,77,8
163,83,12
171,86,14
176,90,15
180,93,16
187,98,18
193,101,16
198,104,16
200,107,14
203,110,14
206,114,15
209,116,14
210,119,14
211,120,13
210,122,14
210,122,14
211,123,17
213,122,17
213,122,17
213,120,16
211,118,14
209,116,13
208,114,14
204,110,12
202,107,13
198,104,14
193,102,13
190,100,14
185,96,12
178,91,11
174,87,10
168,81,12
162,77,13
157,71,12
151,66,11
144,61,9
136,55,8
128,49,8
121,45,9
109,38,6
103,37,11
93,32,11
83,26,9
75,23,9
71,23,11
65,21,12
56,18,9
44,17,6
39,16,8
34,14,7
30,9,4
26,7,3
23,5,3
19,3,3
18,4,4
21,9,11
20,9,13
16,7,10
11,5,7
12,6,8
14,10,9
13,9,8
3,1,4
3,1,4
3,1,4
4,2,5
4,2,5
4,3,6
5,3,6
5,3,6
4,2,3
4,2,3
4,2,3
4,2,3
4,2,3
4,2,3
4,2,3
4,2,3
5,3,4
5,3,4
5,3,4
4,2,3
4,2,3
3,1,2
3,1,2
3,1,2
3,1,2
3,1,2
3,1,2
3,1,2
3,1,2
3,1,2
3,1,2
3,1,2
3,1,2
3,1,2
3,1,2
3,1,2
3,1,2
3,1,2
3,1,2
3,1,2
5,3,4
4,2,3
4,2,3
3,1,2
3,1,2
4,2,3
4,2,3
5,3,4
4,2,3
4,2,3
4,2,3
4,2,3
3,1,2
3,1,2
3,1,2
1,1,1
0,1,3
0,2,3
0,2,3
0,2,3
0,1,3
0,1,3
0,1,3
0,1,3
2,2,4
2,2,4
3,1,4
3,1,4
3,1,4
3,1,4
3,1,4
5,0,4
7,1,3
9,0,3
9,0,3
9,0,3
9,0,3
9,0,3
9,0,3
9,0,3
10,1,4
11,2,5
10,2,5
12,3,6
13,4,7
14,5,8
14,5,8
16,6,5
23,8,3
29,11,1
37,14,6
43,14,6
49,15,5
58,16,4
69,20,6
80,23,6
88,26,5
97,30,4
108,35,3
117,42,3
124,47,3
132,51,4
138,56,8
141,60,5
151,70,5
158,75,7
165,82,12
171,87,15
176,88,16
182,92,16
187,96,17
192,100,17
195,101,14
197,103,15
199,106,13
202,109,13
202,113,13
203,114,10
204,116,10
204,116,10
205,116,12
205,116,14
207,115,14
207,115,14
206,112,12
205,111,11
203,109,11
202,108,12
198,103,9
196,101,11
192,98,11
188,96,13
184,93,14
179,89,11
172,84,10
167,80,9
159,75,11
153,71,13
147,66,11
141,61,10
134,56,8
127,50,8
120,44,8
114,41,8
101,34,5
97,32,10
86,27,9
75,22,6
68,20,6
64,20,9
61,18,11
52,15,7
42,15,6
37,14,6
32,12,5
28,9,3
24,6,2
21,5,5
19,5,5
16,4,6
19,8,12
18,8,12
13,7,9
10,6,7
11,7,8
11,9,10
11,10,8
3,1,4
3,1,4
3,1,4
4,2,5
4,2,5
5,3,6
5,3,6
5,3,6
4,2,3
4,2,3
4,2,3
4,2,3
4,2,3
4,2,3
4,2,3
4,2,3
5,3,4
5,3,4
5,3,4
4,2,3
4,2,3
3,1,2
3,1,2
3,1,2
3,1,2
3,1,2
3,1,2
3,1,2
3,1,2
3,1,2
3,1,2
3,1,2
3,1,2
3,1,2
3,1,2
3,1,2
3,1,2
3,1,2
3,1,2
3,1,2
5,3,4
5,3,4
3,1,2
3,1,2
3,1,2
3,1,2
5,3,4
5,3,4
4,2,3
4,2,3
4,2,3
3,1,2
3,1,2
3,1,2
2,0,0
1,1,1
0,1,3
0,2,5
0,2,5
0,2,5
0,1,5
0,1,5
0,1,5
0,1,5
2,1,6
2,1,6
2,1,6
2,1,6
3,1,6
3,1,6
3,1,6
5,0,4
7,1,3
9,0,3
9,0,3
9,0,3
9,0,3
9,0,3
9,0,3
9,0,3
11,2,5
11,2,5
12,3,6
12,3,6
13,4,7
14,5,8
15,6,9
16,6,5
23,10,2
30,13,3
36,16,7
42,15,6
47,15,4
55,15,3
67,19,5
78,22,5
87,26,5
95,30,2
105,34,2
114,40,3
121,46,4
128,52,3
134,57,5
138,59,2
147,66,3
155,70,3
164,77,10
169,80,12
174,83,12
178,86,13
183,91,14
188,95,17
191,96,14
193,99,12
195,101,11
198,105,12
197,107,11
199,109,12
198,110,10
198,110,10
199,109,12
199,109,12
201,108,12
201,108,12
200,105,11
199,104,10
199,101,10
198,100,11
193,97,10
191,95,11
187,92,12
182,89,12
179,87,14
174,83,12
167,79,8
162,74,10
152,70,12
146,66,13
138,60,11
133,55,9
127,50,8
119,45,6
113,40,7
107,38,9
95,31,6
90,29,8
80,24,7
69,17,4
62,15,5
59,16,7
55,15,7
48,14,5
38,14,4
34,14,5
31,11,4
29,8,5
25,5,4
23,5,5
20,4,5
19,4,7
19,7,11
17,8,13
13,7,11
9,4,8
10,5,9
11,9,12
11,9,10
2,2,4
2,2,4
2,2,4
3,3,5
3,3,5
4,4,6
4,4,6
4,4,6
3,1,4
3,1,2
3,1,2
3,1,2
3,1,2
3,1,2
3,1,2
3,1,2
5,3,4
5,3,4
5,3,4
4,2,3
4,2,3
3,1,2
3,1,2
5,1,2
5,1,2
6,0,2
6,0,2
5,1,2
5,1,2
5,1,2
5,1,2
5,1,2
5,1,2
5,1,2
5,1,2
5,1,2
5,1,2
3,1,2
3,1,2
3,1,2
6,4,5
4,4,4
2,2,2
1,1,1
1,1,1
2,2,4
4,4,6
5,5,7
3,3,5
3,3,5
3,3,5
2,2,4
2,2,4
1,1,3
1,1,3
1,1,3
0,1,3
0,2,1
0,2,1
0,1,3
0,1,3
0,1,3
0,1,3
0,1,3
2,2,4
2,2,4
2,2,4
2,2,4
2,2,4
2,2,4
2,2,4
3,1,4
7,1,3
9,0,1
9,0,1
9,0,1
9,0,1
9,0,1
9,0,1
9,0,1
11,2,3
11,2,3
12,3,4
13,5,3
13,5,3
14,6,4
15,6,5
16,6,4
21,8,0
28,11,1
34,14,3
38,14,2
44,12,0
51,14,0
63,18,0
73,21,0
87,26,1
95,30,0
105,35,1
114,40,1
123,46,2
129,51,2
135,55,4
138,57,2
143,59,0
149,63,2
158,70,7
162,74,10
166,77,9
171,80,9
177,85,12
182,89,12
189,94,14
190,95,11
192,98,10
195,101,11
197,104,11
197,104,9
198,105,9
196,106,9
196,106,10
196,106,10
196,106,10
197,104,11
196,103,10
194,100,10
192,98,10
191,97,10
187,95,10
185,92,12
181,89,12
177,86,13
173,85,14
169,80,12
163,76,9
156,72,8
147,68,12
140,64,12
132,58,9
127,53,8
121,48,7
115,43,5
107,38,5
101,36,8
90,28,5
84,27,8
74,23,6
63,17,4
55,14,5
53,16,7
48,15,6
42,13,5
36,13,7
32,13,7
30,11,5
27,8,4
25,7,7
22,6,7
20,5,8
18,6,8
17,6,10
16,7,12
12,6,10
8,3,7
7,5,8
11,9,12
9,9,11
0,1,3
0,1,3
1,2,4
1,2,4
0,3,4
0,4,5
0,4,5
2,3,5
5,3,6
7,2,8
7,2,8
6,1,5
5,0,4
4,0,3
4,0,3
3,0,2
4,0,1
4,0,1
4,0,1
5,1,2
5,1,0
4,0,0
4,0,0
5,0,0
7,0,0
8,0,0
8,0,0
8,0,0
9,0,0
9,0,0
11,1,4
12,1,5
9,0,3
9,0,3
7,1,5
7,1,5
7,1,5
7,1,5
7,1,5
6,1,5
2,2,4
1,2,6
2,3,7
2,3,7
2,3,7
3,4,8
3,4,8
4,3,8
6,4,11
4,3,8
3,2,8
4,3,9
7,6,12
8,7,13
7,6,12
5,4,9
0,0,0
1,2,0
1,2,0
2,3,0
3,4,0
4,5,0
4,5,0
5,6,1
2,2,0
1,1,0
1,1,0
2,2,0
3,3,3
4,4,4
6,6,6
7,7,5
10,6,3
11,6,3
9,4,0
8,3,0
9,1,0
10,2,0
10,3,0
11,4,0
15,6,1
15,6,1
14,5,0
15,4,0
15,4,0
16,5,1
18,7,3
20,7,1
22,5,0
28,8,0
35,13,0
40,12,0
45,12,0
52,14,0
65,19,0
76,22,0
89,28,0
97,31,0
107,33,0
115,36,0
123,39,0
130,42,0
137,47,0
140,50,0
143,57,6
144,61,7
151,66,11
156,70,11
162,74,11
167,78,12
174,83,12
178,86,11
178,85,7
183,88,6
187,91,5
190,92,5
192,94,5
196,97,6
196,97,6
192,94,3
191,98,3
185,97,0
188,99,5
189,100,8
184,95,5
182,94,5
183,95,8
176,90,7
174,89,8
172,86,9
168,85,9
164,82,9
160,80,9
157,77,8
151,72,3
147,69,5
137,65,6
132,61,7
126,54,4
121,49,1
117,46,4
113,41,3
107,38,5
102,37,9
91,31,7
81,26,6
67,20,4
57,17,5
54,20,10
49,20,12
43,18,11
37,17,10
29,11,7
25,7,5
19,4,1
20,4,4
22,8,7
20,8,8
16,4,6
10,0,1
14,3,7
12,3,6
9,3,7
6,1,5
6,1,7
7,2,8
6,4,9
0,1,3
0,1,3
0,1,3
1,2,4
0,3,4
0,3,4
0,3,4
1,2,4
6,6,8
5,5,7
5,5,7
6,4,7
6,4,7
5,3,4
5,3,4
5,3,4
5,3,4
5,4,2
5,4,2
5,4,2
4,3,1
4,3,0
4,3,0
7,1,1
11,1,2
11,0,1
10,0,1
10,0,1
10,0,1
12,2,3
12,3,4
13,4,5
8,0,0
6,1,2
5,0,1
4,0,1
4,0,1
3,0,0
3,1,0
1,0,0
0,0,2
0,0,3
0,0,2
0,0,2
0,0,2
0,0,2
0,0,4
0,0,4
3,2,7
2,0,5
1,0,4
2,0,5
5,3,8
6,4,9
5,3,8
3,1,4
3,0,0
3,0,0
3,0,0
4,0,0
4,0,0
5,1,0
3,2,0
4,3,1
6,4,5
6,4,5
5,3,4
5,3,4
5,5,5
6,6,6
8,8,8
10,8,9
11,5,7
11,5,5
9,3,3
10,2,0
10,2,0
10,2,0
10,2,0
12,2,0
11,1,0
11,0,0
11,0,0
10,0,0
11,0,0
12,1,0
13,2,0
16,2,0
23,5,1
29,8,3
37,12,5
41,13,3
45,13,0
52,15,0
64,19,0
73,23,0
85,28,1
94,29,0
103,33,0
112,34,0
118,36,0
124,39,0
131,42,0
134,44,1
139,55,8
141,59,9
146,63,11
150,68,12
155,71,11
160,75,10
167,78,10
172,81,10
176,84,7
181,88,8
185,90,8
186,90,6
189,90,5
192,93,8
193,93,8
190,92,5
188,97,6
185,96,4
187,98,8
187,99,9
181,96,6
180,94,9
179,94,11
173,90,10
170,89,10
166,87,12
162,84,10
160,82,10
156,79,9
152,75,7
146,71,4
141,67,4
134,64,5
129,59,7
123,53,2
118,47,1
114,43,1
109,38,2
104,35,4
97,33,6
87,29,7
77,24,6
65,19,4
55,17,4
49,19,9
44,20,10
37,19,9
32,15,8
26,11,8
23,7,7
20,6,5
20,6,5
19,8,6
19,7,7
15,5,4
12,2,3
15,6,7
14,5,8
10,4,6
9,3,7
8,3,7
8,3,9
7,5,10
2,0,1
2,0,1
2,0,1
2,0,1
2,0,1
2,0,1
2,0,1
1,1,1
1,4,3
0,4,5
1,5,6
1,5,4
1,5,4
2,6,5
4,6,5
4,6,3
4,6,3
3,5,0
4,5,0
3,4,0
2,3,0
3,2,0
3,2,0
3,2,1
6,5,3
5,4,2
4,3,1
4,3,1
4,3,1
5,4,2
6,5,3
6,5,3
7,6,4
6,6,4
5,5,3
4,6,3
3,5,2
3,5,2
3,5,2
3,3,1
4,3,1
6,2,1
6,2,1
6,2,1
6,2,1
7,1,1
6,0,0
6,0,0
9,3,3
10,1,2
10,1,2
11,2,3
12,3,4
13,4,5
14,4,5
12,1,5
12,1,9
12,0,12
12,0,12
12,0,10
11,1,10
12,2,11
12,2,11
12,2,11
8,0,7
7,0,6
7,0,6
6,0,5
4,0,5
5,0,8
6,0,9
7,0,10
8,0,9
9,0,9
7,0,7
7,0,5
7,0,5
8,0,5
8,0,5
9,0,5
17,4,13
18,2,12
17,1,11
17,2,9
18,3,10
20,3,11
21,4,12
22,5,11
25,6,10
30,10,12
34,12,14
39,13,14
42,12,10
49,14,8
58,18,10
68,21,11
81,29,15
88,31,12
96,34,13
103,36,10
109,37,12
115,40,11
120,43,13
126,46,11
136,53,9
140,57,7
143,60,8
147,65,9
152,68,8
156,71,7
160,75,8
165,78,7
171,83,9
176,86,10
179,87,10
178,87,8
181,88,10
184,91,11
186,91,11
182,90,7
184,94,8
181,91,3
182,94,7
183,94,10
176,90,7
176,89,9
176,91,11
170,87,11
166,84,10
164,81,11
159,79,10
155,76,10
151,73,9
145,70,5
140,64,2
135,60,2
131,60,6
126,56,7
120,49,3
115,44,0
111,39,0
105,35,1
100,31,2
94,28,4
87,26,5
76,23,5
64,18,3
54,16,5
47,17,7
41,16,9
34,15,8
30,13,6
24,9,4
24,9,6
21,7,4
20,6,5
17,6,4
16,4,5
14,4,3
14,4,5
15,6,7
15,6,9
12,6,8
11,5,9
9,4,8
9,4,10
8,6,11
6,0,0
6,0,0
8,0,0
8,0,0
7,0,0
7,0,0
7,0,0
5,0,0
0,0,0
0,2,0
0,2,0
0,2,0
1,3,0
3,4,0
4,5,0
5,4,0
5,4,0
4,3,0
5,2,0
4,1,0
4,0,0
4,0,0
4,0,0
4,0,0
7,3,0
6,2,0
5,1,0
4,0,0
4,0,0
4,0,0
5,2,0
5,2,0
8,5,0
8,5,0
8,5,0
8,5,0
7,4,0
7,4,0
6,3,0
7,2,0
10,3,0
10,1,0
10,1,0
10,1,0
11,0,0
10,0,0
12,0,0
12,0,0
14,1,0
15,0,0
16,0,0
17,0,0
18,1,0
19,2,0
19,0,0
19,0,0
17,0,6
17,0,9
17,0,9
18,0,10
16,0,9
16,0,9
16,0,9
16,0,9
20,3,13
19,2,12
18,1,11
17,0,8
16,1,8
16,1,8
17,2,9
18,2,12
21,4,14
20,2,14
19,1,13
18,1,11
18,1,11
21,1,12
21,1,12
22,2,11
23,3,12
24,3,12
23,2,11
23,2,9
23,2,9
25,2,10
26,3,11
29,4,10
33,4,9
37,5,10
41,6,10
43,7,9
46,9,6
51,10,6
60,12,8
66,16,9
80,26,14
87,28,14
94,31,14
101,34,15
107,36,16
112,40,18
118,43,20
125,46,16
133,48,7
138,52,1
142,57,3
147,60,6
150,64,5
153,67,6
158,73,8
163,76,7
165,78,7
168,82,9
171,83,9
171,83,9
173,85,11
177,89,15
181,90,17
179,89,13
180,89,10
176,85,4
177,88,6
179,89,9
171,84,5
170,84,7
169,85,12
165,81,9
162,79,11
158,77,11
154,74,11
150,72,10
145,69,9
140,64,6
135,59,1
131,56,1
129,57,9
125,54,10
120,49,7
115,43,3
111,38,3
105,34,4
97,30,3
92,27,5
84,26,6
76,23,7
65,19,6
55,17,6
46,16,6
40,16,6
32,14,4
29,12,4
24,9,2
24,9,4
23,10,4
20,7,4
16,5,1
15,4,2
14,4,2
16,6,5
14,6,4
14,5,6
11,5,5
11,5,7
9,5,6
9,4,8
7,5,8
12,0,2
12,0,2
14,0,2
14,0,2
14,0,2
13,0,1
14,0,1
13,0,0
8,0,0
6,1,0
7,2,0
10,2,0
11,3,0
13,3,1
15,4,0
18,4,1
18,4,1
18,3,0
19,1,0
17,0,0
18,0,0
18,0,0
19,0,0
20,1,0
19,4,1
17,3,2
16,2,0
15,1,0
16,1,0
16,1,0
19,1,0
20,2,0
16,0,0
17,0,0
17,0,0
17,0,0
18,0,0
18,0,0
18,0,0
18,0,0
18,0,0
17,0,0
18,0,0
18,0,0
19,0,0
19,0,0
21,0,0
22,0,0
22,0,0
25,0,0
26,0,0
27,0,0
27,0,0
28,0,0
30,0,0
29,0,0
26,0,0
25,0,1
26,0,2
26,0,2
26,0,1
27,0,2
27,1,0
27,0,0
27,0,0
27,0,0
26,0,0
25,0,0
24,0,0
24,0,0
26,0,0
26,0,0
25,0,0
25,0,0
24,0,0
25,0,0
26,0,0
26,0,0
27,0,0
29,0,0
29,0,0
28,0,0
28,0,0
28,0,0
29,0,0
30,0,0
31,0,0
37,0,0
51,1,0
56,0,0
59,1,0
60,2,0
62,3,0
68,5,0
72,8,0
76,10,0
87,17,5
92,20,5
99,23,7
104,27,7
109,31,9
114,34,11
120,38,16
126,41,12
134,43,0
140,46,0
144,50,0
147,55,0
149,58,1
153,63,3
157,67,4
160,73,6
161,74,5
164,77,8
166,79,10
166,79,10
166,82,12
172,88,18
174,89,22
175,88,19
178,87,14
175,83,8
175,84,11
175,84,13
168,80,9
169,80,12
170,82,18
164,79,15
161,77,17
157,75,17
153,72,17
149,69,17
145,68,16
140,62,13
135,59,9
129,55,8
127,56,14
122,53,14
119,48,12
114,44,10
110,39,9
105,34,9
97,31,7
91,29,8
82,23,5
74,22,8
64,20,7
56,18,7
47,17,7
42,15,6
34,14,5
30,13,5
24,9,2
24,9,2
22,9,1
20,7,1
15,4,0
14,3,0
15,6,1
16,6,4
12,4,2
12,3,4
10,4,4
10,4,6
8,4,5
8,4,5
5,3,4
17,1,2
17,1,2
19,0,2
21,1,3
21,1,3
22,2,4
23,1,4
23,1,3
24,4,5
24,4,3
26,5,4
27,6,3
30,6,4
32,6,5
34,6,5
36,6,4
39,8,6
39,5,4
38,4,2
38,3,1
38,3,1
41,3,2
43,5,4
44,6,5
43,7,7
42,8,7
41,7,6
41,6,4
42,7,5
44,6,5
45,7,4
47,7,5
47,6,2
47,6,0
50,7,1
52,7,1
53,8,2
55,8,0
56,9,1
56,9,0
58,11,1
58,11,1
60,12,2
61,11,0
62,12,1
64,12,0
65,11,0
68,11,1
68,12,0
70,12,0
72,13,0
74,12,0
74,11,0
74,11,0
77,11,0
77,14,0
74,11,4
75,11,9
75,11,9
76,13,8
77,14,9
78,15,8
78,15,8
79,16,7
69,7,0
68,6,0
68,6,0
67,5,0
67,5,0
68,6,0
69,7,0
70,8,0
69,7,0
68,6,0
67,5,0
67,5,0
68,4,0
69,5,0
70,6,0
71,7,0
79,12,0
78,12,0
78,12,0
78,12,0
79,12,0
80,13,0
81,14,0
86,13,0
96,13,0
99,11,0
100,11,0
101,12,0
102,13,0
106,15,0
109,17,0
111,19,0
115,21,0
119,23,0
122,27,0
127,29,0
130,31,0
133,34,3
137,37,5
140,41,2
147,45,0
149,48,0
153,52,0
155,54,0
156,57,0
159,61,0
161,66,2
163,68,4
164,72,7
166,74,9
165,76,10
163,76,9
165,77,13
168,83,19
170,85,21
171,83,19
176,84,17
172,81,11
173,81,14
171,82,16
166,76,13
166,78,15
166,80,19
162,77,20
157,75,19
154,73,20
150,70,19
148,67,20
144,66,20
140,61,18
135,58,14
129,54,14
122,49,14
118,47,15
114,43,13
111,42,13
108,38,12
102,34,11
95,30,10
89,28,10
78,20,6
73,21,7
64,20,7
55,19,7
47,17,7
41,14,5
36,13,5
32,14,4
28,11,3
24,9,2
21,8,0
18,5,0
15,5,0
16,5,0
15,6,0
16,7,2
11,3,1
11,3,1
10,5,2
10,4,4
8,4,3
7,3,4
4,2,3
22,2,3
23,1,3
26,1,4
27,2,5
29,3,6
30,4,7
33,4,8
34,3,8
40,4,6
44,3,7
45,3,7
46,4,8
48,3,8
50,4,7
52,3,7
54,4,7
58,6,10
58,3,8
58,1,7
59,0,4
61,0,5
64,2,7
67,5,10
68,6,9
73,8,12
72,7,11
72,7,11
72,7,9
73,7,9
77,9,10
79,9,9
81,9,10
88,14,13
90,15,12
93,15,11
95,16,11
97,18,13
100,20,13
101,21,14
106,19,12
114,19,15
119,17,15
120,17,16
122,18,15
124,19,15
128,20,17
129,20,15
132,20,16
135,22,16
138,23,16
142,25,16
142,24,14
142,21,12
142,21,10
145,23,12
147,25,12
146,26,12
147,27,13
149,27,14
150,28,13
152,30,15
153,32,15
154,33,14
155,34,13
157,35,12
157,35,12
156,34,10
156,34,10
157,36,9
158,37,8
159,38,9
162,38,10
163,39,13
163,39,13
162,39,12
162,38,12
162,38,10
164,40,12
166,41,13
167,42,14
168,40,11
168,40,11
167,39,10
167,39,10
168,39,8
169,40,9
170,41,10
171,42,10
170,40,6
169,39,3
168,38,2
169,40,1
170,41,2
172,43,3
172,44,4
174,45,3
174,46,1
176,48,1
177,49,2
178,50,1
178,50,1
178,50,1
180,53,2
180,54,3
177,57,4
176,61,6
178,63,8
177,64,6
175,65,6
174,66,4
174,69,4
175,72,6
175,73,7
174,75,10
172,74,11
167,72,8
166,72,10
168,75,14
169,76,17
167,74,15
169,77,14
165,73,10
165,73,10
162,72,10
158,68,8
158,69,13
158,71,17
155,69,18
146,63,13
143,61,14
140,59,14
139,58,15
135,56,17
131,53,15
127,49,11
122,46,12
114,41,9
110,39,11
107,37,11
105,35,10
103,32,10
97,30,11
89,26,8
83,24,8
72,16,3
67,18,4
62,18,7
55,17,8
47,14,5
40,13,4
35,12,4
32,12,3
31,14,6
24,10,1
19,6,0
17,4,0
17,6,0
17,6,0
16,7,0
14,5,0
11,4,0
12,4,1
11,6,3
11,6,3
10,6,3
9,5,4
5,4,3
23,3,4
24,2,4
27,2,5
30,4,7
34,5,9
35,6,10
37,6,11
41,7,10
47,2,7
51,0,5
53,0,6
53,0,6
55,0,6
57,0,7
59,0,6
61,0,6
67,2,8
67,0,7
67,0,5
68,0,5
70,0,4
73,0,7
78,3,10
81,4,10
87,6,12
90,5,10
90,5,10
91,5,8
92,6,9
96,7,9
98,8,8
101,10,9
104,10,8
108,10,7
110,11,6
114,12,7
118,14,10
120,17,10
122,17,11
126,17,10
136,16,13
141,16,12
142,17,13
145,17,14
148,19,14
151,19,14
153,20,15
155,20,14
161,24,16
164,26,16
169,27,17
170,26,15
168,24,13
169,23,10
171,25,12
175,28,12
179,30,8
179,30,6
182,32,7
184,34,9
186,36,9
188,39,9
189,40,8
191,41,8
192,42,7
191,41,6
191,41,4
193,41,4
195,42,4
196,44,3
198,46,5
200,47,6
208,52,11
209,52,11
208,51,10
208,51,8
209,52,9
210,53,10
211,54,11
213,55,10
220,62,17
222,61,17
221,60,16
221,60,14
221,60,14
223,61,15
225,63,17
225,63,17
226,66,14
225,66,11
224,65,10
224,65,10
224,67,12
226,70,13
227,71,14
226,71,14
228,74,14
228,75,15
228,76,13
224,74,11
222,72,9
221,71,8
221,72,6
218,74,11
207,72,14
202,76,18
202,76,18
199,75,15
196,73,13
192,72,11
190,75,10
190,77,11
184,75,10
184,76,12
179,73,11
173,69,9
170,67,8
169,69,10
169,68,12
164,68,10
161,66,8
155,62,3
154,64,4
153,62,5
147,58,2
146,59,5
148,62,11
144,61,11
133,51,4
132,49,5
129,47,7
126,47,8
124,46,10
121,42,9
117,38,5
113,36,6
107,33,6
103,33,8
101,31,6
98,30,7
97,29,10
92,27,9
84,23,5
78,20,6
67,14,0
63,15,3
58,16,4
52,15,6
45,12,3
38,11,2
35,10,3
32,12,3
32,15,7
24,10,1
17,4,0
16,3,0
17,7,0
19,9,0
16,7,0
13,4,0
13,6,0
13,6,0
12,7,3
13,8,5
12,8,5
10,6,3
7,6,4
26,4,6
28,3,6
30,4,7
30,4,7
33,4,8
33,4,8
35,4,9
39,3,7
46,0,5
49,0,3
51,0,4
52,0,5
55,0,6
57,1,7
59,0,6
62,0,7
66,1,7
68,1,8
70,0,8
71,0,8
71,0,5
75,0,7
79,2,10
84,3,10
92,3,7
96,2,3
96,2,3
98,2,3
102,4,5
105,5,5
110,7,8
113,9,8
115,10,7
119,10,7
121,9,5
123,10,4
125,10,5
125,10,3
128,11,4
128,11,2
140,22,12
141,20,11
140,19,10
141,19,8
142,18,8
146,20,8
148,20,7
151,21,7
159,27,12
161,28,11
166,29,11
168,29,10
167,28,9
168,27,7
170,29,9
172,31,4
183,36,3
184,36,0
185,37,0
186,38,0
189,40,0
190,41,1
190,41,0
193,42,0
197,46,1
199,47,0
200,49,0
200,48,0
199,47,0
200,49,0
203,52,0
208,53,0
210,51,0
213,53,0
215,55,0
218,58,0
220,60,2
223,60,1
223,60,1
224,59,1
229,64,6
229,65,4
230,66,4
231,65,3
232,66,4
233,67,5
234,68,6
237,67,5
239,64,0
243,65,1
245,67,3
245,68,1
243,68,1
244,69,2
245,72,4
247,74,5
246,75,5
242,74,3
239,71,0
238,72,0
238,72,0
239,73,0
238,75,0
233,75,4
220,75,12
214,75,16
211,72,13
206,70,10
203,69,8
201,69,5
198,70,5
196,71,5
190,68,3
187,67,4
183,68,5
181,67,5
178,65,5
175,65,6
173,64,7
169,64,7
156,59,4
153,59,5
149,58,3
148,57,4
146,56,4
142,55,4
138,52,5
135,48,3
130,45,4
126,43,3
122,40,3
118,38,3
115,36,3
112,33,2
107,31,0
103,28,0
97,25,0
92,21,0
90,19,0
89,21,0
87,20,1
83,17,1
81,19,4
80,24,11
72,20,7
63,15,5
55,12,3
50,13,4
45,12,3
37,8,0
34,7,0
31,8,0
24,7,0
24,10,1
22,9,0
19,6,0
18,8,0
22,12,3
20,11,4
14,5,0
12,5,0
12,4,1
11,6,3
11,6,3
10,6,3
9,5,2
6,5,3
23,3,4
24,4,5
25,3,5
27,2,5
29,3,6
29,3,6
30,4,7
33,2,7
43,4,7
46,4,8
46,4,8
49,4,7
51,5,8
54,5,9
55,4,9
57,5,9
61,6,11
62,5,11
65,6,12
65,4,9
66,4,9
69,4,10
72,7,13
78,7,11
89,8,7
94,6,4
95,5,4
96,7,3
99,8,5
103,10,5
106,11,7
111,12,7
115,13,8
116,13,6
118,14,5
121,14,6
123,15,5
126,15,6
127,16,5
128,16,5
132,20,8
132,20,6
133,20,6
133,20,6
137,21,6
141,23,9
145,25,9
147,26,9
151,28,10
155,30,10
160,31,10
160,31,10
161,31,9
161,31,9
164,32,9
169,33,7
177,36,3
180,36,1
181,37,2
182,38,1
184,40,3
187,41,2
188,42,1
190,43,0
192,43,0
193,44,1
194,46,0
194,46,0
196,45,0
197,46,0
200,50,0
205,51,1
212,53,0
214,53,0
217,56,1
219,59,1
221,61,3
222,62,4
224,61,4
224,61,2
228,63,5
228,63,5
229,65,4
230,66,5
231,65,5
232,66,6
233,67,7
236,66,5
241,67,4
243,68,3
245,70,5
246,71,6
245,70,5
244,69,2
244,71,3
245,72,3
244,73,3
240,72,1
239,71,0
237,71,0
237,71,0
238,72,0
237,74,0
233,75,2
226,78,16
220,77,19
217,74,16
213,72,11
209,71,9
205,70,6
204,71,6
201,72,6
193,65,0
190,66,2
187,65,2
183,63,2
180,62,1
176,60,1
174,59,2
169,60,3
156,60,2
150,59,4
148,57,2
145,55,2
142,55,2
139,51,1
133,47,0
128,44,0
132,49,7
129,47,7
123,43,6
121,41,6
118,39,6
115,36,5
110,34,2
107,32,3
99,27,3
94,23,1
90,22,1
88,23,1
86,21,1
81,18,1
78,19,3
79,23,10
71,19,6
62,15,5
52,12,2
49,12,4
44,11,4
38,8,0
34,7,0
31,8,0
24,7,0
24,10,1
22,9,0
19,6,0
18,8,0
21,11,2
19,10,3
14,5,0
12,5,0
12,4,1
11,6,3
11,6,3
10,6,3
9,5,4
6,5,3
18,2,3
20,1,3
21,1,3
21,1,3
22,2,4
23,1,4
23,1,4
23,1,3
29,7,9
31,7,7
32,8,8
34,8,9
34,8,9
37,9,8
38,8,8
40,9,7
42,8,7
44,8,8
47,8,9
48,8,8
47,7,7
49,7,8
51,9,10
59,9,8
70,9,4
76,9,1
77,8,1
78,10,1
80,10,2
84,11,4
87,12,6
91,12,5
94,14,5
96,14,3
98,14,3
101,14,4
104,16,6
106,16,7
107,17,6
111,17,5
121,20,8
123,19,8
126,19,9
128,21,11
132,24,12
137,27,14
141,29,17
143,30,16
144,28,15
147,29,15
149,32,15
152,32,16
153,32,15
154,33,16
157,34,16
162,35,16
166,33,14
170,33,14
171,34,15
175,36,15
177,38,17
180,40,17
181,41,18
183,41,17
185,41,15
186,42,16
188,42,16
188,43,16
190,42,14
192,44,16
195,47,19
198,49,17
205,51,15
209,51,12
211,53,14
213,55,16
215,57,18
215,58,17
217,58,18
216,57,17
222,60,21
222,61,19
223,62,20
224,63,21
226,63,20
226,63,20
227,64,21
226,65,19
228,71,20
230,73,20
232,75,22
232,77,23
231,76,22
229,74,18
229,74,17
229,74,17
230,76,16
229,76,16
228,76,13
226,77,11
226,77,11
227,78,10
228,79,11
227,79,15
220,76,16
215,74,18
213,72,16
210,71,12
208,70,8
205,69,7
203,70,5
200,71,5
194,66,1
190,67,0
188,66,1
184,64,1
181,61,0
178,60,0
177,59,0
170,60,1
159,60,1
151,60,3
149,58,3
145,55,2
141,54,1
137,49,0
132,46,1
126,42,0
128,45,3
124,42,2
119,39,2
116,36,1
113,34,1
109,33,1
106,30,0
102,27,0
102,30,5
97,26,4
92,24,3
91,24,5
85,22,4
80,19,1
76,19,2
75,22,8
68,19,5
59,15,4
52,12,2
49,12,4
45,10,4
38,7,2
35,6,2
32,7,2
26,7,1
24,9,2
22,9,1
19,6,0
18,7,1
21,10,4
18,9,4
15,6,1
12,4,1
12,4,2
11,6,3
11,5,5
10,6,5
9,4,6
6,4,5
12,0,0
12,0,0
14,0,0
14,0,0
14,0,0
15,1,1
16,0,1
15,1,0
15,3,3
14,4,3
16,5,3
16,5,3
17,6,4
19,5,4
20,5,2
21,6,2
22,4,2
24,5,1
26,5,2
26,5,2
27,3,1
28,4,2
29,5,1
35,6,0
45,5,0
48,4,0
50,3,0
51,4,1
53,5,0
56,6,0
59,6,0
60,6,0
62,5,0
64,6,0
66,6,0
69,7,0
72,8,0
73,9,0
77,10,1
79,9,0
88,11,1
91,11,0
92,12,1
96,14,3
99,17,6
102,18,7
106,19,9
107,20,10
105,17,5
108,18,7
110,21,7
113,21,8
113,21,6
115,22,7
117,24,9
122,25,9
126,20,7
128,20,8
129,21,9
133,22,11
135,24,13
138,26,14
139,27,15
141,28,14
145,29,16
147,29,17
148,30,16
150,30,16
150,30,14
152,30,15
155,33,18
158,35,19
160,34,12
163,35,10
164,36,11
166,38,13
167,39,12
168,38,12
168,38,12
169,37,12
175,44,16
175,44,16
175,44,16
178,44,17
179,45,16
180,46,17
180,46,17
181,49,17
182,49,14
183,54,15
187,58,19
188,59,20
190,58,19
189,58,16
189,58,14
189,58,12
193,61,13
194,62,13
195,64,12
196,65,11
196,65,11
197,66,10
199,69,11
200,69,13
197,63,10
196,62,9
194,63,7
194,63,7
193,64,6
193,65,4
191,66,2
190,66,2
189,67,2
187,68,2
185,67,3
182,67,2
181,66,3
180,64,3
178,64,2
174,66,4
160,64,3
154,64,4
151,62,4
150,61,5
146,59,5
142,57,3
136,53,1
131,49,1
129,48,1
126,45,2
121,42,1
118,40,2
114,38,2
111,35,0
108,32,0
104,29,0
105,34,6
99,32,6
95,29,5
93,28,6
87,25,4
79,21,1
74,18,1
73,20,6
67,19,5
58,14,3
51,11,1
49,12,4
45,10,4
40,7,2
36,5,2
33,8,3
27,8,2
24,9,2
21,8,0
20,7,1
19,8,2
20,9,5
17,8,3
15,5,3
12,4,2
12,4,2
11,5,5
11,5,5
10,6,7
9,5,6
6,4,5
7,1,3
7,1,3
9,0,3
9,0,3
9,0,3
9,0,3
8,0,2
6,0,0
6,2,1
4,3,1
4,3,1
6,2,1
7,3,0
7,3,0
8,3,0
8,3,0
9,1,0
10,2,0
13,3,1
13,4,0
12,3,0
12,1,0
13,2,0
17,2,0
20,1,0
24,1,0
24,1,0
25,2,0
27,2,0
29,2,0
30,1,0
31,1,0
32,0,0
33,0,0
34,0,0
37,0,0
39,2,0
41,2,0
43,2,0
43,2,0
39,1,0
39,1,0
40,2,0
43,2,0
43,3,0
43,3,0
45,3,0
45,3,0
44,0,0
48,1,0
50,4,0
51,5,0
51,5,0
52,4,0
54,6,0
57,7,0
59,2,0
62,1,0
63,2,0
64,3,0
66,5,0
70,7,0
72,7,1
75,8,0
75,8,0
77,8,1
79,8,2
80,7,1
80,7,1
81,8,2
83,10,4
86,11,5
84,7,0
86,8,0
88,10,0
89,11,0
90,12,0
89,11,0
89,11,0
89,10,0
93,14,0
95,13,0
96,15,0
97,16,0
97,16,0
99,16,0
101,17,1
103,16,0
107,12,0
113,14,0
117,18,0
120,21,0
122,22,0
124,22,0
125,24,0
129,26,0
134,29,0
139,32,0
142,36,0
145,37,0
147,38,0
148,39,0
151,42,0
156,45,0
163,47,0
165,47,0
166,50,0
168,53,0
171,57,1
173,58,1
174,61,1
174,62,0
173,64,0
174,65,0
173,65,0
174,66,2
175,67,3
174,68,6
175,69,7
173,71,9
163,71,6
158,70,6
157,69,6
157,68,8
154,68,9
151,66,11
146,63,9
143,60,10
143,61,13
140,59,14
135,56,13
131,54,12
127,52,12
125,50,11
120,46,9
117,44,9
108,39,8
102,35,8
99,34,6
96,32,5
89,29,5
79,23,0
73,21,0
70,21,4
66,20,5
57,15,3
52,12,2
49,12,4
46,11,5
41,8,3
37,6,3
36,8,5
29,10,6
23,8,3
21,8,2
21,7,5
20,9,5
18,7,5
16,6,4
15,5,4
12,4,2
12,3,4
11,5,7
10,5,7
10,5,8
9,4,8
6,4,7
4,2,3
4,2,3
4,2,3
4,2,3
3,1,2
3,1,2
3,1,2
3,1,2
5,3,4
4,4,4
4,4,4
5,3,4
5,3,4
5,4,2
5,4,2
5,4,2
5,1,0
7,3,0
10,4,2
10,5,2
9,4,1
8,3,0
10,2,0
11,3,0
9,1,0
10,3,0
11,4,0
12,5,0
13,4,0
13,2,0
13,2,0
14,0,0
14,0,0
16,0,0
17,0,0
18,0,0
19,0,0
21,0,1
21,0,1
21,1,0
18,1,0
17,2,0
17,2,0
17,2,0
17,2,0
16,1,0
17,0,0
16,0,0
17,0,0
18,0,0
21,0,0
21,0,0
20,0,0
20,0,0
22,1,0
26,2,0
23,0,0
26,0,0
27,0,0
29,0,0
30,1,0
32,1,0
35,1,0
36,1,0
35,0,0
37,0,0
38,0,0
38,0,0
37,0,0
39,0,0
41,0,0
43,0,0
39,0,0
40,0,0
41,0,0
42,1,0
42,1,0
42,1,0
43,0,0
42,0,0
42,0,0
43,0,0
43,0,0
44,0,0
47,0,0
48,1,0
48,1,0
53,0,0
61,0,0
67,0,0
70,0,0
74,0,0
78,2,0
81,4,0
86,7,0
91,9,0
96,11,0
102,16,0
109,22,0
114,25,0
117,26,0
121,28,0
124,32,0
132,36,0
137,36,0
141,38,0
144,44,0
148,48,0
153,53,1
156,57,0
159,60,1
160,62,1
159,61,0
160,62,0
162,64,0
164,66,1
166,68,5
166,71,7
168,73,9
167,73,9
166,77,11
163,76,9
163,76,9
161,76,11
160,76,14
159,75,15
154,72,14
150,69,14
147,67,14
142,64,15
138,62,13
135,58,14
130,56,14
129,54,12
124,51,10
121,49,11
111,42,9
105,38,9
102,37,7
99,35,7
92,32,6
82,26,3
75,23,2
72,23,6
66,20,5
58,16,4
51,13,2
50,13,5
47,12,6
42,8,6
38,7,5
37,9,6
30,11,7
23,8,5
20,6,3
22,8,5
20,9,7
17,6,4
15,5,4
15,5,4
12,3,4
12,3,4
11,5,7
11,5,7
10,5,9
9,4,8
6,4,9
4,5,7
4,5,7
3,4,6
3,4,6
0,4,5
0,4,5
0,3,4
2,2,4
7,2,6
10,0,8
10,0,8
10,1,6
10,1,6
10,1,6
10,1,6
10,1,4
8,0,2
10,1,3
12,3,4
13,4,5
12,2,3
11,1,2
11,1,2
10,1,2
4,2,3
4,4,6
5,5,7
5,5,7
6,4,7
7,2,6
6,1,5
6,0,6
7,0,7
9,0,7
9,0,7
10,0,7
10,0,7
12,0,8
12,0,8
12,0,8
15,4,8
15,5,6
16,5,9
16,5,9
16,5,9
14,2,7
13,2,6
12,1,5
14,1,8
15,2,9
16,3,10
16,3,10
15,2,9
14,1,9
15,2,9
17,4,8
16,2,2
17,3,2
17,3,2
18,2,2
19,3,3
21,3,3
23,3,4
24,2,4
25,3,6
27,2,6
28,1,6
28,0,4
26,0,2
26,0,1
27,0,2
28,0,6
26,0,6
25,0,6
26,1,7
27,2,6
27,2,6
26,1,5
26,0,4
25,0,2
25,0,2
26,0,1
28,0,1
29,0,2
30,1,3
31,2,4
32,2,4
36,0,2
49,0,3
54,0,0
56,0,0
59,1,0
61,2,0
66,6,0
73,9,0
80,12,0
82,10,0
89,16,0
99,23,0
107,27,4
110,29,2
113,32,3
121,38,8
126,42,8
124,39,0
128,41,0
133,46,1
138,52,5
143,57,6
148,61,8
150,64,7
151,65,6
152,67,3
153,68,4
155,70,5
157,72,7
159,74,9
163,75,11
164,76,12
165,77,13
168,81,12
166,80,11
166,79,10
165,78,11
163,78,13
160,76,14
155,73,13
152,70,14
146,65,10
142,62,11
137,59,10
133,57,8
129,55,8
127,53,8
123,50,7
119,48,6
113,45,10
108,42,10
104,39,9
100,39,10
95,35,9
85,29,5
76,26,3
73,26,6
65,22,5
58,16,2
52,14,5
51,14,8
48,13,9
44,9,7
42,8,7
39,9,9
31,11,10
23,7,7
20,6,5
23,9,8
21,9,9
17,5,5
14,4,5
15,5,6
12,3,6
12,3,6
11,5,9
11,5,9
10,5,11
9,4,10
6,3,10
5,6,8
5,6,8
4,5,7
4,5,7
1,5,6
0,4,5
0,4,5
2,3,5
5,0,4
8,0,4
8,0,4
8,0,4
8,0,4
8,0,4
8,0,4
8,0,4
6,0,0
9,0,3
11,2,5
11,2,5
11,1,2
9,0,0
8,0,0
6,0,2
2,2,4
2,3,7
3,4,8
3,4,8
3,4,8
3,2,7
1,0,6
0,0,5
4,1,8
4,1,8
6,0,10
6,0,10
5,0,9
5,0,9
5,0,9
5,0,7
5,0,6
6,1,7
7,2,8
8,3,9
7,2,8
6,1,7
5,0,6
5,0,6
7,0,8
8,1,9
9,1,12
8,0,11
6,0,9
5,0,8
6,0,9
7,0,8
6,0,2
6,1,0
6,1,0
6,1,0
8,0,0
8,0,0
9,0,0
10,0,0
17,5,9
19,4,9
18,3,8
17,0,6
14,0,3
15,0,2
16,0,5
15,0,6
13,0,5
11,0,5
12,0,6
12,0,6
12,0,6
11,0,5
10,0,4
9,0,3
13,1,5
16,1,6
16,1,6
17,2,7
18,3,6
19,4,7
20,4,7
25,3,6
42,7,13
46,5,9
47,5,7
48,4,5
52,4,4
56,7,3
64,11,5
72,13,5
70,8,0
80,14,0
91,23,4
99,27,5
104,30,5
108,33,4
116,39,9
123,44,11
126,44,7
130,47,7
134,51,9
139,57,10
144,62,12
147,66,11
149,68,12
149,69,8
156,75,10
156,75,9
157,76,10
159,79,10
160,80,11
162,82,13
163,83,14
165,82,14
168,84,12
169,82,11
167,80,9
166,79,10
162,77,10
160,75,10
154,71,7
152,68,6
152,70,12
149,68,13
144,64,11
140,62,13
137,61,12
132,58,11
128,55,10
124,53,11
115,45,9
109,43,9
106,41,9
104,41,10
97,37,9
87,30,3
79,27,3
76,28,6
67,22,3
59,17,1
53,13,3
51,14,6
50,13,7
45,10,6
42,9,4
40,10,8
31,11,10
23,7,7
20,6,5
23,9,8
21,9,9
16,4,5
13,3,2
15,5,6
12,3,4
10,5,6
11,5,7
10,5,9
10,5,9
7,5,8
6,4,9
3,3,5
3,3,5
3,3,5
3,3,5
3,3,5
3,3,5
3,3,5
4,2,5
5,0,4
5,0,4
5,0,4
5,1,2
5,1,2
5,1,2
5,1,2
5,1,2
5,1,2
5,1,2
5,1,2
5,1,2
5,1,2
5,1,2
5,1,2
5,1,2
6,4,6
5,5,7
5,5,7
5,5,7
5,5,7
6,4,7
6,4,7
6,4,7
3,1,4
3,1,4
3,1,4
3,1,4
3,1,4
5,0,4
5,0,4
5,0,4
5,0,4
6,1,5
6,1,5
7,2,8
7,2,8
6,1,7
6,1,7
5,0,6
5,0,6
6,1,7
7,2,8
8,3,9
8,3,9
7,2,8
6,1,7
5,0,4
6,2,3
6,2,3
7,2,3
6,2,3
6,2,3
6,2,3
6,2,3
7,1,3
7,1,3
7,1,3
7,1,3
7,1,3
7,1,3
9,0,3
9,1,3
9,0,3
10,4,6
9,3,7
7,1,5
6,0,4
6,0,4
7,1,3
9,3,5
12,3,6
8,0,2
8,0,2
10,1,4
11,2,5
13,4,7
14,5,8
15,6,9
20,5,8
27,2,6
34,2,7
37,2,6
39,3,5
43,3,4
48,4,3
55,8,2
62,9,1
72,14,2
78,17,0
88,22,0
96,26,0
101,30,0
108,33,1
114,38,2
120,40,3
130,42,6
134,44,7
138,49,7
142,54,8
145,57,7
148,61,7
152,66,5
155,70,5
157,73,3
159,75,3
160,78,4
161,79,5
161,79,5
163,79,6
165,81,8
167,83,10
168,84,11
169,83,10
167,81,8
168,80,8
168,80,9
166,77,9
163,74,8
160,72,8
155,69,8
151,67,7
146,64,8
141,61,8
136,58,9
131,57,8
127,55,7
124,51,10
119,46,11
114,43,11
109,40,9
103,36,7
97,33,5
90,30,4
82,26,3
76,24,2
68,20,0
60,14,0
56,14,0
54,14,4
48,11,2
49,12,4
48,14,5
39,10,4
25,6,2
22,6,6
22,6,6
20,6,5
17,6,4
17,5,5
15,5,4
15,5,4
13,5,3
12,6,6
12,6,6
9,5,6
6,2,3
3,1,2
6,4,7
4,2,5
4,2,5
4,2,5
4,2,5
4,2,5
4,2,5
4,2,5
4,2,5
3,1,2
3,1,2
3,1,2
3,1,2
3,1,2
3,1,2
3,1,2
3,1,2
3,1,2
3,1,2
3,1,2
3,1,2
3,1,2
3,1,2
3,1,2
3,1,2
5,3,4
4,2,4
5,3,4
5,3,4
5,3,4
5,3,4
5,3,4
5,3,4
3,1,2
3,1,2
3,1,2
3,1,2
3,1,2
3,1,2
3,1,2
3,1,2
3,1,4
4,2,5
4,2,5
5,3,6
5,3,6
4,2,5
4,2,5
3,1,4
2,1,4
4,2,5
5,3,6
6,4,7
6,4,7
5,3,6
4,2,5
3,1,4
4,2,3
4,2,3
4,2,3
4,2,3
4,2,3
4,2,3
4,2,3
4,2,3
4,2,3
4,2,3
4,2,3
4,2,3
4,2,3
4,2,3
4,2,3
4,2,3
8,4,5
7,3,4
6,2,2
6,2,3
6,2,3
6,2,3
7,3,4
8,4,5
5,1,2
6,2,3
7,3,4
8,4,5
9,5,6
10,6,7
11,7,8
15,5,6
26,6,8
32,5,10
36,7,11
38,8,10
42,8,9
49,9,9
56,13,7
62,13,6
71,17,4
79,20,4
87,25,2
96,29,2
103,32,0
110,37,2
116,42,3
123,44,5
134,46,8
141,48,9
144,53,9
147,56,9
150,61,9
152,66,7
156,71,7
159,75,5
162,78,5
164,81,5
166,83,5
167,84,4
167,84,4
168,85,5
170,87,9
172,89,11
170,87,9
168,85,7
169,83,6
170,82,8
170,82,8
170,79,8
167,76,6
162,73,5
159,71,7
155,68,7
147,65,7
143,62,7
138,61,9
132,58,9
128,56,8
125,52,11
120,47,12
114,43,11
108,40,9
102,35,6
98,33,5
91,30,2
84,26,2
79,24,3
75,24,5
66,19,1
60,17,1
55,15,3
47,11,0
45,11,1
44,10,1
35,6,0
26,7,3
23,7,7
22,6,6
21,5,5
19,5,4
16,5,3
14,4,2
14,4,3
12,4,2
11,6,3
10,6,5
8,4,3
4,3,1
4,3,1
5,5,5
4,2,5
4,2,5
4,2,5
4,2,5
4,2,5
4,2,5
4,2,5
4,2,5
3,1,2
3,1,2
3,1,2
3,1,2
3,1,2
3,1,2
3,1,2
3,1,2
3,1,2
3,1,2
3,1,2
3,1,2
3,1,2
3,1,2
3,1,2
3,1,3
4,2,3
4,2,3
4,2,3
4,2,3
4,2,3
4,2,3
4,2,3
4,2,3
3,1,2
3,1,2
3,1,2
3,1,2
3,1,2
3,1,2
3,1,2
3,1,2
3,1,4
4,2,5
4,2,5
5,3,6
5,3,6
4,2,5
4,2,5
3,1,4
3,1,4
3,1,4
4,2,5
5,3,6
5,3,6
4,2,5
3,1,4
3,1,4
4,2,3
4,2,3
4,2,3
4,2,3
4,2,3
4,2,3
4,2,3
4,2,3
4,2,3
4,2,3
4,2,3
4,2,3
4,2,3
4,2,3
4,2,3
4,2,3
7,3,4
7,3,4
6,2,3
6,2,3
6,2,3
6,2,3
7,3,4
7,3,4
6,2,3
6,2,3
7,3,4
7,3,4
8,4,5
8,4,5
8,4,5
11,2,5
23,4,8
27,5,8
32,6,9
37,7,9
42,8,9
48,9,10
54,13,9
62,15,7
70,19,7
77,19,5
86,24,3
94,28,2
102,33,2
110,37,4
116,42,5
123,45,7
132,49,9
138,51,8
142,56,9
146,60,9
149,64,9
154,68,7
159,74,9
162,78,8
166,82,9
168,85,7
170,87,7
171,89,7
171,89,7
172,90,8
174,92,10
176,94,12
173,90,10
171,88,10
172,86,9
173,86,9
173,86,9
171,83,9
168,80,9
165,76,8
162,74,10
157,72,8
151,69,11
146,67,11
141,64,12
137,61,12
131,57,10
127,54,13
122,49,14
118,45,13
110,39,9
102,35,6
97,32,4
91,29,4
85,27,5
81,26,6
75,26,9
66,20,5
61,19,7
56,18,7
47,13,4
44,11,4
42,11,6
35,7,3
28,7,4
26,8,6
23,8,5
21,6,3
19,5,2
17,3,2
14,3,1
13,3,1
10,2,0
11,3,1
10,5,2
9,4,1
7,3,2
7,3,2
7,6,4
4,2,5
4,2,5
4,2,5
4,2,5
4,2,5
5,2,5
4,2,5
4,2,5
3,1,2
3,1,2
3,1,2
3,1,2
3,1,2
3,1,2
3,1,2
3,1,2
3,1,3
3,1,2
3,1,2
3,1,2
3,1,2
3,1,2
3,1,3
3,1,2
3,1,2
3,1,2
3,1,2
3,1,2
3,1,2
3,1,2
3,1,2
3,1,2
3,1,2
3,1,2
3,1,2
3,1,2
3,1,2
3,1,2
3,1,2
3,1,2
3,1,4
4,2,5
4,2,5
5,3,7
5,3,6
4,2,5
4,2,5
3,1,4
3,1,4
3,1,4
3,1,4
4,2,5
4,2,5
3,1,4
3,1,4
3,1,4
4,2,3
4,2,2
4,2,3
4,2,3
4,2,3
4,2,3
4,2,3
4,2,3
4,2,3
4,2,3
4,2,3
4,2,3
4,2,3
4,2,3
4,2,3
4,2,3
7,3,4
6,2,3
6,2,3
6,2,3
6,2,3
6,2,3
6,2,3
7,3,5
7,3,4
7,3,4
7,3,4
6,2,3
6,2,3
6,2,3
6,2,3
9,0,1
15,1,1
21,1,3
25,3,5
30,4,5
35,5,5
41,7,6
50,10,8
57,12,6
65,15,6
74,18,5
82,21,3
90,26,1
97,30,1
104,34,2
113,40,7
119,44,5
131,50,7
135,53,6
139,57,9
143,62,9
147,65,7
151,70,7
156,76,7
161,79,6
165,83,7
167,86,5
170,88,6
171,89,5
172,90,4
175,91,5
178,94,8
180,96,10
176,94,10
175,93,11
176,91,10
175,90,9
176,89,10
175,88,11
171,83,9
168,81,10
163,78,10
159,75,10
154,72,12
151,70,14
145,68,14
140,64,14
134,60,13
129,56,13
126,52,17
120,47,15
111,40,8
104,35,6
97,32,4
92,30,5
87,29,7
83,28,8
72,23,6
64,18,3
60,19,6
56,18,9
49,14,8
46,15,10
46,17,13
38,13,9
28,9,5
27,9,7
23,8,5
22,7,4
19,5,2
17,3,0
14,3,0
13,2,0
10,0,0
11,2,0
10,2,0
9,4,1
9,4,1
8,4,3
9,5,4
4,2,5
4,2,5
4,2,5
4,2,5
4,2,5
4,2,5
4,2,5
4,2,5
3,1,2
3,1,2
3,1,2
3,1,2
3,1,2
3,1,2
3,1,2
3,1,2
3,1,2
3,1,2
3,1,2
3,1,2
3,1,2
3,1,2
3,1,2
3,1,2
3,1,2
3,1,2
3,1,2
3,0,2
3,1,2
3,1,2
3,1,2
3,1,2
3,1,2
3,1,2
3,1,2
2,1,2
3,1,2
3,1,2
3,1,2
3,0,2
3,1,4
4,2,5
4,2,5
5,3,6
5,3,6
4,2,5
4,2,5
3,1,4
4,2,5
3,1,4
3,1,4
3,1,4
3,1,4
3,1,4
3,1,4
4,2,5
4,2,3
4,2,3
4,2,3
4,2,3
4,2,3
4,2,3
4,2,3
4,2,3
4,2,3
4,2,3
4,2,3
4,2,3
4,2,3
4,2,3
4,2,3
4,2,3
5,1,2
6,2,3
6,3,3
6,2,3
6,2,3
6,2,3
6,2,3
5,1,2
7,3,4
7,3,4
6,2,3
6,2,3
6,2,3
6,2,3
5,1,2
6,0,2
12,0,2
17,1,2
21,3,3
25,3,5
30,4,5
37,7,5
45,10,6
53,12,6
63,16,8
70,18,5
79,22,5
86,25,6
94,30,5
103,35,6
111,42,11
118,45,10
129,52,10
133,55,7
140,60,11
144,64,11
149,69,10
153,73,10
157,78,9
162,83,9
167,86,7
169,88,7
172,90,6
176,92,6
177,93,5
179,94,4
182,97,7
184,98,11
182,99,12
180,96,10
179,94,11
179,94,11
179,92,12
178,91,12
175,88,11
172,84,12
168,81,12
162,79,13
158,77,14
154,73,17
150,70,17
144,67,15
138,62,13
132,58,13
129,53,17
124,48,16
116,41,10
107,36,6
101,34,7
96,32,7
91,30,9
87,30,11
77,25,11
67,19,7
62,19,10
58,19,12
50,15,11
50,16,14
48,17,15
41,13,12
30,9,6
28,10,6
26,8,4
25,7,3
21,6,1
19,4,1
17,3,0
14,3,0
12,1,0
11,1,0
10,2,0
11,3,0
12,4,1
11,6,3
11,6,3
4,2,5
4,2,5
4,2,5
4,2,5
4,2,5
4,2,5
4,2,5
4,2,5
3,1,2
3,1,2
3,1,2
3,1,2
3,1,2
3,1,2
3,1,2
3,1,2
3,1,2
3,1,2
3,1,2
3,1,2
3,1,2
3,1,2
3,1,2
3,1,2
3,1,2
3,1,2
3,1,2
3,1,2
3,1,2
3,1,2
3,1,2
3,1,2
3,1,2
3,1,2
3,1,2
3,1,2
3,1,2
3,1,2
3,1,2
3,1,2
3,1,4
4,2,5
4,2,5
5,3,6
5,3,6
4,2,5
4,2,5
3,1,4
5,3,6
4,2,5
3,1,4
3,1,4
3,1,4
3,1,4
4,2,5
5,3,6
4,2,3
4,2,3
4,2,3
4,2,3
4,2,3
4,2,3
4,2,3
4,2,3
4,2,3
4,2,3
4,2,3
4,2,3
4,2,3
4,2,3
4,2,3
4,2,3
5,1,2
5,1,2
6,2,3
6,2,3
6,2,3
6,2,3
5,1,2
5,1,2
7,3,4
6,2,3
6,2,2
6,2,3
6,2,3
6,2,3
6,2,3
7,1,1
13,3,2
15,3,3
20,6,5
24,6,6
28,7,6
34,8,7
42,11,8
51,14,8
61,18,11
68,20,10
75,23,9
83,26,9
91,30,9
99,37,12
109,44,16
117,48,15
128,55,14
132,58,11
139,63,13
144,67,15
148,72,14
154,76,14
160,81,14
164,84,13
170,88,12
173,90,10
178,93,10
181,95,10
182,97,7
185,97,7
188,100,10
190,102,13
185,100,10
183,99,11
182,98,10
182,96,9
182,96,11
180,94,11
177,90,10
175,88,11
170,84,11
166,82,12
162,78,14
158,76,16
154,73,17
149,68,15
142,62,11
136,58,12
133,54,15
128,49,16
120,44,12
114,39,8
107,36,8
101,34,8
94,32,9
89,31,11
84,31,15
73,25,11
68,24,13
62,22,14
53,16,10
48,14,12
46,15,13
38,10,7
31,10,5
28,11,4
27,9,5
26,8,4
22,7,2
21,6,1
19,5,2
18,4,1
14,3,0
13,2,0
12,2,0
12,4,1
14,6,3
14,6,3
13,5,3
4,2,5
4,2,5
4,2,5
4,2,5
4,2,5
4,2,5
4,2,5
4,2,5
3,1,2
3,1,2
3,1,2
3,1,2
3,1,2
3,1,2
3,1,2
3,1,2
3,1,2
3,1,2
3,1,2
3,1,2
3,1,2
3,1,2
3,1,2
3,1,2
3,1,2
3,1,2
3,1,2
3,1,2
3,1,2
3,1,2
3,1,2
3,1,2
3,1,2
3,1,2
3,1,2
3,1,2
3,1,2
3,1,2
3,1,2
3,1,2
3,1,4
4,2,5
4,2,5
5,3,6
5,3,6
4,2,5
4,2,5
3,1,4
6,4,7
5,3,6
4,2,5
3,1,4
3,1,4
4,2,5
5,3,6
6,4,7
4,2,3
4,2,3
4,2,3
4,2,3
4,2,3
4,2,3
4,2,3
4,2,3
4,2,3
4,2,3
4,2,3
4,2,3
4,2,3
4,2,3
4,2,3
4,2,3
4,0,1
5,1,2
6,2,3
6,2,3
6,2,3
6,2,3
5,1,2
4,0,1
6,2,3
7,2,3
6,2,3
6,2,3
7,3,4
7,3,4
7,3,4
8,2,4
11,2,3
14,4,3
17,5,5
20,6,5
24,6,6
29,8,7
37,9,6
44,10,8
54,15,10
60,15,9
67,19,7
74,22,8
82,26,9
92,34,14
101,41,17
110,46,18
121,52,13
127,54,9
133,59,12
137,64,13
143,68,13
149,73,15
156,78,14
161,80,14
169,87,14
173,90,14
177,92,12
180,94,11
183,95,8
186,96,8
189,99,11
191,101,13
189,101,12
188,100,11
186,98,9
186,98,9
186,98,11
184,95,11
181,92,10
176,89,10
172,84,10
169,82,11
167,79,15
163,77,16
159,74,17
153,68,14
145,62,10
141,57,11
137,54,14
133,49,13
127,44,10
120,41,10
114,39,8
107,36,8
99,33,9
93,31,10
89,32,15
78,26,12
72,24,12
65,23,13
55,16,9
52,15,9
48,15,10
40,11,7
31,10,5
28,11,4
28,11,4
27,10,3
24,9,4
23,8,3
21,8,2
21,8,2
16,5,1
15,4,0
14,3,0
15,6,1
16,6,4
16,6,4
13,3,1
4,2,5
4,2,5
4,2,5
4,2,5
4,2,5
4,2,5
4,2,5
4,2,5
3,1,2
3,1,2
3,1,2
3,1,2
3,1,2
3,1,2
3,1,2
3,1,2
3,1,2
3,1,2
3,1,2
3,1,2
3,1,2
3,1,2
3,1,2
3,1,2
4,2,3
4,2,3
4,2,3
4,2,3
4,2,3
4,2,3
4,2,3
4,2,3
3,1,2
3,1,2
3,1,2
3,1,2
3,1,2
3,1,2
3,1,2
3,1,2
3,1,4
4,2,5
4,2,5
5,3,6
5,3,6
4,2,5
4,2,5
3,1,4
6,4,7
5,3,6
4,2,5
3,1,4
3,1,4
4,2,5
5,3,6
6,4,7
4,2,3
4,2,3
4,2,3
4,2,3
5,2,3
4,2,3
4,2,3
4,2,3
4,2,3
4,2,3
4,2,3
4,2,3
4,2,3
4,2,3
4,2,3
4,2,3
3,0,0
4,0,1
6,2,3
7,3,4
7,3,4
6,2,3
4,0,1
3,0,0
6,2,3
6,2,3
6,2,3
7,3,4
7,3,4
7,3,4
8,4,5
8,4,3
5,1,0
7,2,0
11,3,1
13,3,2
17,3,2
22,4,4
30,6,4
35,7,4
43,10,5
50,11,6
56,13,4
63,17,4
71,22,7
80,29,12
89,37,16
99,42,15
111,45,10
118,49,7
124,53,9
129,58,12
134,62,12
142,66,14
148,71,15
154,74,13
165,83,18
169,85,15
174,88,15
177,90,13
180,91,11
183,92,11
186,95,14
188,97,14
190,102,15
188,100,11
187,99,10
187,99,10
187,99,12
183,97,12
180,94,11
177,90,11
173,85,11
170,83,12
168,81,14
166,78,15
161,75,16
155,68,14
148,63,9
143,57,10
138,53,12
135,50,13
130,46,10
123,43,8
117,41,9
110,36,7
100,33,6
95,30,8
86,28,8
76,23,7
71,22,8
66,22,11
57,17,7
56,17,10
54,19,13
45,16,10
30,10,3
26,11,4
26,11,4
25,10,2
25,10,5
23,10,4
23,10,4
22,9,2
18,7,3
16,5,1
15,4,0
17,6,2
17,7,5
17,7,5
13,3,1
2,0,3
3,1,4
4,2,5
5,3,6
5,3,6
4,2,5
3,1,4
2,0,3
4,2,3
4,2,3
4,2,3
4,2,3
4,2,3
4,2,3
4,2,3
4,2,3
3,1,2
3,1,2
3,1,2
4,2,3
4,2,3
5,3,4
5,3,4
5,3,4
4,2,3
4,2,3
4,2,3
4,2,3
4,2,3
4,2,3
4,2,3
4,2,3
4,2,3
4,2,3
4,2,3
4,2,3
4,2,3
4,2,3
4,2,3
5,2,3
4,2,5
4,2,5
4,2,5
4,2,5
4,2,5
4,2,5
4,2,5
4,2,5
1,0,2
2,0,3
3,1,4
4,2,5
4,2,5
4,2,5
3,1,4
3,1,4
1,0,0
2,0,1
4,2,3
5,3,4
5,3,4
4,2,3
2,0,1
1,0,0
3,1,2
3,1,2
3,1,2
3,1,2
3,1,3
3,1,2
3,1,2
3,1,2
5,1,2
5,1,2
5,1,2
5,1,2
5,1,2
5,1,2
5,1,2
5,1,2
3,0,0
4,0,1
5,1,2
6,2,3
8,4,5
9,5,6
10,6,7
11,7,8
6,2,1
7,3,0
8,3,0
11,3,1
14,2,2
18,2,2
22,2,3
25,1,1
36,8,5
43,10,5
49,12,6
54,14,6
60,18,6
67,21,8
74,26,12
81,29,8
99,38,9
106,40,5
113,45,8
119,51,11
125,53,13
131,58,15
136,62,15
143,66,14
156,75,20
162,80,20
170,85,21
175,88,21
176,88,17
179,88,17
181,90,16
184,94,18
186,97,14
185,99,14
186,100,15
187,101,16
186,100,17
182,97,16
179,94,15
177,91,14
175,89,16
171,87,17
167,82,17
162,76,15
157,71,14
152,65,12
149,61,11
147,59,13
140,53,10
134,49,10
126,42,5
120,38,1
114,35,2
109,34,3
103,34,5
97,33,8
88,27,6
81,25,8
73,21,7
65,17,5
58,14,3
54,14,4
52,14,5
46,16,8
30,11,5
27,12,7
27,12,7
25,12,6
22,9,3
20,7,1
20,6,3
19,8,4
17,6,2
16,5,1
15,4,2
15,4,2
13,3,1
12,2,0
11,1,0
2,0,3
3,1,4
4,2,5
5,3,6
5,3,6
4,2,5
3,1,4
2,0,3
4,2,3
4,2,3
4,2,3
4,2,3
4,2,3
5,2,3
4,2,3
4,2,3
3,1,2
3,1,2
3,1,2
4,2,3
4,2,3
5,3,4
5,3,4
5,3,4
4,2,3
4,2,3
4,3,3
4,2,3
4,2,3
4,2,3
4,2,3
4,2,3
4,2,3
4,2,3
4,2,3
4,2,3
4,2,3
4,2,3
4,2,3
4,2,3
4,2,5
4,2,5
4,2,5
4,2,5
4,2,5
4,2,5
4,2,5
4,2,5
1,0,2
2,0,3
3,0,4
4,2,5
4,3,5
4,2,5
4,2,5
3,1,4
2,0,1
2,0,1
4,2,3
4,2,3
4,2,3
4,2,3
2,0,1
2,0,1
4,2,3
4,2,3
4,2,3
4,2,3
4,2,3
4,2,3
4,2,3
4,2,3
6,2,3
6,2,3
6,2,3
6,2,3
6,2,3
6,2,3
6,2,3
6,2,3
7,3,4
7,3,4
7,3,4
7,3,4
7,3,4
7,3,4
7,3,4
7,3,2
4,3,0
4,3,0
7,3,0
9,4,1
13,3,2
15,3,3
18,2,3
21,1,2
26,2,2
31,3,0
34,5,1
40,7,0
43,9,0
48,11,2
54,16,5
63,17,1
81,27,3
88,28,0
94,33,4
101,38,7
107,42,10
113,47,12
120,52,15
127,55,15
133,59,14
140,62,14
148,68,17
152,71,16
155,73,15
159,75,13
163,78,14
166,81,16
169,85,13
171,88,12
172,89,13
172,90,14
172,90,16
168,89,14
165,85,12
163,85,13
163,84,17
162,81,16
158,76,16
154,72,16
150,67,15
146,63,13
143,59,13
142,58,14
135,52,12
130,48,10
122,42,5
115,37,1
109,34,2
104,33,3
99,32,5
93,31,6
82,24,4
77,21,4
68,19,4
61,15,0
55,13,1
51,11,1
50,12,3
44,14,6
29,12,5
23,12,6
22,11,5
21,10,4
20,9,3
19,8,4
18,7,3
16,7,2
15,6,1
15,5,3
14,4,2
13,3,1
12,2,0
11,1,0
11,1,0
2,0,3
2,0,3
3,1,4
4,2,5
4,2,5
3,1,4
2,0,3
2,0,3
4,2,3
4,2,3
4,2,3
4,2,3
4,2,3
4,2,3
4,2,3
4,2,3
3,1,2
3,1,2
3,1,2
4,2,3
4,2,3
5,3,4
5,3,4
5,3,4
4,2,3
4,2,3
4,2,3
4,2,3
4,2,3
4,2,3
4,2,3
4,2,3
4,2,3
4,2,3
4,2,3
4,2,3
4,2,3
4,2,3
4,2,3
4,2,3
4,2,5
4,2,5
4,2,5
4,2,5
4,2,5
4,2,5
4,2,5
4,2,5
1,0,2
2,0,3
3,1,4
4,2,5
5,3,6
4,2,5
4,2,5
3,1,4
2,0,1
3,1,2
3,1,2
4,2,3
4,2,3
3,1,2
3,1,2
2,0,1
4,2,3
4,2,3
4,2,3
5,2,3
4,2,3
4,2,3
4,2,3
4,2,3
6,3,3
6,2,3
6,2,3
6,2,3
6,2,3
6,2,3
6,2,3
6,2,3
10,6,7
10,6,7
9,5,6
8,4,5
6,2,3
5,1,2
4,0,1
4,0,1
3,2,0
4,3,0
6,2,1
8,2,2
10,2,3
12,2,3
14,2,4
17,1,2
17,0,0
20,0,0
23,0,0
25,0,0
28,0,0
31,2,0
35,5,0
43,7,0
56,11,0
63,12,0
69,17,0
74,22,0
81,27,3
87,29,5
94,34,8
101,37,9
109,44,12
116,48,13
122,53,14
130,57,16
134,60,15
138,64,17
144,68,19
147,71,19
146,70,12
147,71,11
149,73,13
150,76,15
150,76,13
148,77,15
146,75,13
145,73,14
144,72,14
143,70,15
141,68,17
138,64,15
137,60,16
134,57,15
133,54,15
131,53,15
124,48,14
119,44,12
112,39,6
106,35,3
101,32,3
96,30,4
91,29,4
85,29,6
73,21,0
68,19,2
62,16,1
55,13,0
50,10,0
46,9,0
44,10,0
40,11,3
27,12,5
20,11,6
17,8,2
17,7,5
19,9,7
19,9,7
16,6,4
13,3,2
14,4,3
14,4,3
13,3,2
12,2,4
11,2,3
10,1,2
10,1,2
2,0,3
3,0,3
2,0,3
3,1,4
3,1,4
2,0,3
2,0,3
2,0,3
4,2,3
4,2,3
4,2,3
4,2,3
4,2,3
4,2,3
4,2,3
4,2,3
3,1,2
3,1,2
3,1,2
4,2,3
4,2,3
5,3,4
5,3,4
5,3,4
4,2,3
4,2,3
4,2,3
4,2,3
4,2,3
4,2,3
4,2,3
4,2,3
4,2,3
4,2,3
4,2,3
4,2,3
4,2,3
4,2,3
4,2,3
4,2,3
3,1,4
3,1,4
3,1,4
3,1,4
3,1,4
3,1,4
3,1,4
3,1,4
2,0,3
2,0,3
4,2,5
5,3,6
5,3,6
5,3,6
4,2,5
4,2,5
3,1,2
3,1,2
3,1,2
3,1,2
3,1,2
3,1,2
3,1,2
3,1,2
5,3,4
5,3,4
5,3,4
5,3,4
5,3,4
5,3,4
5,3,4
5,3,4
7,3,4
7,3,4
7,3,4
7,3,4
7,3,4
7,3,4
7,3,4
7,3,4
10,6,7
10,6,7
9,5,6
8,4,5
6,2,3
5,1,2
4,0,1
4,0,0
5,1,0
5,1,0
6,2,1
7,1,1
8,2,2
10,1,2
12,2,3
13,1,3
15,0,3
17,1,2
19,1,1
19,0,0
19,0,0
20,0,0
24,1,0
29,2,0
34,0,0
40,2,0
45,5,0
50,8,0
54,10,0
59,13,0
64,17,1
68,19,2
78,26,5
83,28,5
89,32,5
97,38,8
103,43,9
108,48,12
114,52,15
118,55,14
117,52,10
120,53,10
120,56,12
122,58,12
122,60,13
123,61,14
121,60,13
121,60,15
117,56,11
117,56,12
117,54,13
117,52,14
116,50,17
116,47,16
114,45,16
113,44,15
107,42,14
102,38,10
95,34,6
91,28,4
86,28,4
82,25,5
77,25,4
72,23,6
64,18,2
59,17,3
53,15,2
48,11,2
43,10,1
39,9,1
37,8,0
33,10,4
23,12,6
14,9,5
11,6,2
11,6,2
15,10,6
15,10,7
12,7,4
8,3,0
10,5,2
12,3,4
11,2,3
11,2,3
10,1,2
10,1,2
9,0,1
3,1,4
2,0,3
2,0,3
2,0,3
2,0,3
2,0,3
2,1,3
3,1,4
4,2,3
4,2,3
4,2,3
4,2,3
5,2,3
4,2,3
4,2,3
4,2,3
3,1,2
3,1,2
3,1,2
4,2,3
4,2,3
5,3,4
5,3,4
5,3,4
4,2,3
4,2,3
4,2,3
4,2,3
4,2,3
4,2,3
4,2,3
4,2,3
4,2,3
4,2,3
4,2,3
4,2,3
4,2,3
4,2,3
4,2,3
4,2,3
3,1,4
3,1,4
3,1,4
3,1,4
3,1,4
3,1,4
3,1,4
3,1,4
2,0,3
3,1,4
4,2,5
5,3,6
6,4,7
5,3,7
5,3,6
5,2,5
3,1,2
3,1,2
3,1,2
3,1,2
3,1,2
3,1,2
3,1,2
3,1,3
5,3,4
5,3,4
5,3,4
5,3,4
5,3,4
5,3,4
5,3,4
5,3,4
7,3,4
7,3,4
7,3,4
7,3,4
7,3,4
7,3,4
7,3,4
7,3,4
7,3,4
7,3,4
7,3,4
7,3,4
7,3,4
7,3,4
7,3,4
7,3,4
5,1,0
6,1,0
7,1,1
7,1,1
7,1,3
9,0,3
10,1,4
11,0,4
13,2,6
15,3,5
15,3,5
15,1,1
13,0,0
13,0,0
14,1,0
19,2,0
20,0,0
25,0,0
29,2,0
30,3,0
31,2,0
32,2,0
37,4,0
40,5,0
42,4,0
44,4,0
50,8,0
57,13,0
61,19,0
69,25,0
74,28,2
76,29,3
85,31,7
87,31,8
87,33,7
87,36,9
87,38,8
88,39,9
86,39,9
86,39,9
84,37,7
85,38,10
88,38,11
89,37,13
91,36,15
90,33,14
89,32,15
88,31,14
83,30,12
79,28,9
74,25,8
70,23,5
67,21,5
63,19,6
58,18,6
54,18,6
50,16,6
45,15,5
42,13,5
39,11,7
33,9,5
30,9,6
29,8,5
24,9,6
18,10,7
12,6,4
8,3,0
9,3,3
13,7,7
14,8,8
10,4,4
6,0,2
8,2,4
8,2,4
8,2,4
8,2,6
7,1,5
7,1,5
7,1,5
4,2,5
3,1,4
2,0,3
2,0,3
2,0,3
2,1,3
3,1,4
4,2,5
4,2,3
4,2,3
4,2,3
4,2,3
4,2,3
4,2,3
4,2,3
4,2,3
3,1,2
3,1,2
3,1,2
4,2,3
4,2,3
5,3,4
5,3,4
5,3,4
4,2,3
4,2,3
4,2,3
4,2,3
4,2,3
4,2,3
4,2,3
4,2,3
4,2,2
5,2,3
4,2,3
4,2,3
4,2,3
4,2,3
4,2,3
4,2,3
2,0,3
2,0,3
2,0,3
2,0,3
2,0,3
2,0,3
2,0,3
2,0,3
2,0,3
3,1,4
4,2,5
6,4,7
6,4,7
6,4,7
5,3,6
4,2,5
4,2,3
3,1,2
3,1,2
2,0,1
2,0,1
3,1,2
3,1,2
4,2,3
4,2,3
4,2,3
4,2,3
4,2,3
4,2,3
4,2,3
4,2,3
4,2,3
6,2,3
6,2,3
6,2,3
6,2,3
6,2,3
6,2,3
6,2,3
6,2,3
5,1,2
6,2,3
6,2,3
7,3,4
7,3,4
8,4,5
8,4,5
9,5,4
7,2,0
7,2,0
7,1,1
7,1,1
7,1,3
7,1,3
7,1,5
7,1,5
8,2,6
10,1,4
10,1,4
8,0,0
6,0,0
6,0,0
7,0,0
9,2,0
12,3,0
14,3,1
17,3,2
17,3,2
16,0,1
16,0,1
19,1,1
21,1,2
23,0,0
24,0,0
27,0,0
31,2,0
37,9,0
42,13,0
45,16,0
49,16,1
51,11,3
55,10,4
54,11,4
53,13,3
52,14,1
52,16,0
52,16,0
52,16,0
54,18,2
56,20,4
58,21,5
61,21,9
63,20,11
63,19,10
64,17,11
60,15,9
57,17,7
54,16,5
51,15,3
49,12,3
47,13,4
45,12,5
41,11,5
37,9,5
36,12,8
33,12,9
31,11,10
28,10,8
24,8,8
22,8,8
18,6,6
17,7,8
12,6,6
7,6,4
5,4,2
5,4,2
7,6,4
10,6,5
7,3,4
5,1,2
7,2,3
6,1,5
6,1,5
7,1,5
7,1,5
7,1,5
7,1,5
5,3,6
4,2,5
2,1,4
2,0,3
2,0,3
3,1,4
4,2,5
5,3,6
4,2,3
4,2,3
4,2,3
4,2,3
4,2,3
4,2,3
4,2,3
4,2,3
3,1,2
3,1,2
3,1,2
4,2,3
4,2,3
5,3,4
5,3,4
5,3,5
4,3,3
4,2,3
4,3,3
4,2,3
4,2,3
4,2,3
4,2,3
4,2,3
4,2,3
4,2,3
4,2,3
4,2,3
4,2,3
4,2,3
4,2,3
4,2,3
2,0,3
2,0,3
2,0,3
2,0,3
2,0,3
2,0,3
2,0,3
2,0,3
3,1,4
4,2,5
5,3,6
6,4,7
6,4,7
6,4,7
4,3,6
5,3,6
4,2,3
4,2,3
2,0,1
2,0,1
2,0,1
2,0,1
4,2,3
4,2,3
4,2,3
4,2,3
4,2,3
4,2,3
4,2,3
4,2,3
4,2,3
4,2,3
6,2,3
6,2,3
6,2,3
6,2,3
6,2,3
6,2,3
6,2,3
6,2,3
6,2,3
6,2,3
6,2,3
7,3,4
7,3,4
8,4,5
8,4,5
8,4,5
8,2,2
10,2,0
8,2,2
7,1,1
7,1,3
7,1,5
7,0,6
7,0,7
6,0,6
5,0,4
5,0,4
4,0,1
3,0,0
3,0,0
4,0,0
6,2,0
6,5,3
6,6,6
8,6,9
7,5,8
7,2,8
7,2,8
8,1,8
12,3,8
15,4,10
15,3,7
15,1,1
18,3,0
22,7,0
28,11,3
29,12,2
30,10,3
32,1,6
35,0,7
32,0,5
31,1,3
29,1,0
27,2,0
26,1,0
25,2,0
27,4,0
30,5,0
35,7,3
37,7,5
39,8,6
40,6,7
39,3,7
38,2,4
34,5,3
33,5,2
29,4,0
29,2,2
29,5,3
27,6,5
24,4,3
21,3,3
23,9,9
20,8,10
19,7,11
17,6,10
15,6,11
11,4,11
9,4,10
8,3,9
6,4,5
5,3,4
5,3,4
5,3,4
5,3,4
4,2,3
4,2,5
4,2,5
3,1,4
5,0,6
5,0,6
5,0,6
5,0,6
5,0,7
5,0,7
5,3,6
4,2,5
3,0,4
2,0,3
2,0,3
3,1,4
4,2,5
5,3,6
4,2,3
4,2,3
4,2,3
4,2,3
4,2,3
4,2,3
4,2,3
4,2,3
3,1,2
3,1,2
3,0,2
4,2,3
4,2,3
5,3,4
5,3,4
5,3,4
4,2,3
4,2,3
4,2,3
4,2,3
4,2,3
4,2,3
4,2,3
4,2,3
4,2,3
4,2,3
4,2,2
4,2,3
4,2,3
5,2,3
4,2,3
4,2,3
2,0,3
2,0,3
2,0,3
2,0,3
2,0,3
2,0,3
2,0,3
2,0,3
3,1,4
4,2,5
5,3,6
6,4,7
6,4,7
6,4,7
5,3,6
5,3,6
5,3,4
4,2,3
2,0,1
1,0,0
1,0,0
2,0,1
4,2,3
5,3,4
3,1,2
3,1,2
3,1,2
3,1,2
3,1,2
3,1,2
3,1,2
3,1,2
5,1,2
5,1,2
5,1,2
5,1,2
5,1,2
5,1,2
5,1,2
5,1,2
7,3,4
7,3,4
7,3,4
7,3,4
7,3,4
7,3,4
7,3,4
7,3,4
8,2,2
8,2,2
8,2,2
7,3,4
7,3,4
7,2,6
6,1,5
6,0,5
5,0,4
6,1,5
4,2,5
3,1,2
2,0,1
2,1,0
4,3,1
5,5,3
3,5,4
2,6,7
4,6,10
5,6,10
4,5,10
4,3,9
6,5,11
8,5,12
5,3,8
5,0,6
4,0,2
4,0,0
9,1,0
11,3,0
12,3,0
12,1,0
22,2,11
23,0,12
21,0,9
19,0,6
15,0,4
15,0,2
13,0,0
13,0,0
11,0,0
14,0,0
17,1,2
21,2,4
22,2,4
22,0,5
22,0,3
19,0,2
18,0,1
15,0,0
15,0,0
16,0,1
16,1,4
16,1,4
13,1,3
11,0,4
14,5,10
12,6,10
12,5,12
10,5,11
7,4,9
5,2,9
3,2,8
2,1,6
2,2,4
4,4,4
4,4,4
4,4,4
2,2,2
1,1,1
3,1,4
4,2,5
3,1,4
3,1,4
5,0,4
5,0,6
5,0,6
5,0,6
5,0,6
